Wafer,Session,Die,Device,TestSite,DieCol,DieRow,Band,DesignWavelength_nm,FSR_nm,Notch_at_0V_nm,dLambda_dV_pm_per_V,PeakIL_dB,PeakIL_near_1310_dB,I_at_-1V_pA,I_at_-2V_pA,FailedContact,Vpi_V,Vpi_L_V_cm,PhaseShifter_Length_um,ER_at_-2V_dB,ER_at_0V_dB
D07,20190715_190855,"(-1,-1)",MZMCTE_LULAB_450_500,DCM_LMZC,-1,-1,C,1550.0,14.454600000000028,1550.825,-191.39428571414172,-11.199917268753053,-11.199917268753053,26032.37,32863.73,False,37.76131545951376,1.6992591956781193,450.0,35.47455024719238,32.523377418518066
D07,20190715_190855,"(-3,-1)",MZMCTE_LULAB_450_500,DCM_LMZC,-3,-1,C,1550.0,14.354000000000042,1545.1945,-240.89714285695243,-10.09522533416748,-10.09522533416748,48908.189999999995,73191.94,False,29.79279834905227,1.3406759257073522,450.0,39.18709182739258,35.856709480285645
D07,20190715_190855,"(3,-1)",MZMCTE_LULAB_450_500,DCM_LMZC,3,-1,C,1550.0,14.235300000000052,1544.4451,-256.2685714285262,-10.844054651260375,-10.844054651260375,45919.42,67940.39,False,27.774182219551466,1.249838199879816,450.0,34.02705001831055,18.870963096618652
D07,20190715_190855,"(-3,-3)",MZMCTE_LULAB_450_500,DCM_LMZC,-3,-3,C,1550.0,14.191100000000006,1548.887,-243.75428571412465,-10.751500368118288,-10.751500368118288,54654.95,85676.62000000001,False,29.109436903692735,1.3099246606661732,450.0,38.01692199707031,37.94484233856201
D07,20190715_190855,"(0,-3)",MZMCTE_LULAB_450_500,DCM_LMZC,0,-3,C,1550.0,14.176899999999932,1544.7279,-254.50857142836637,-10.050718545913696,-10.050718545913696,48147.270000000004,71285.06,False,27.85151777096463,1.2533182996934085,450.0,39.46188735961914,26.847135543823242
D07,20190715_190855,"(2,-3)",MZMCTE_LULAB_450_500,DCM_LMZC,2,-3,C,1550.0,14.378600000000006,1550.3687,-255.1085714282742,-13.813859510421754,-13.813859510421754,66632.87000000001,107667.3,False,28.181334557868166,1.2681600551040677,450.0,29.261852264404297,34.29246234893799
D07,20190715_190855,"(-1,-4)",MZMCTE_LULAB_450_500,DCM_LMZC,-1,-4,C,1550.0,14.218399999999974,1548.6314,-251.17714285697068,-11.839429235458374,-11.839429235458374,77830.68,127985.40000000001,False,28.303530803550153,1.273658886159757,450.0,31.233210563659668,33.34557819366455
D07,20190715_190855,"(-4,0)",MZMCTE_LULAB_450_500,DCM_LMZC,-4,0,C,1550.0,14.197450000000003,1552.5087,-234.39428571402343,-11.64125361442566,-11.64125361442566,67602.70999999999,109973.0,False,30.285401277490685,1.362843057487081,450.0,34.77379608154297,35.49978733062744
D07,20190715_190855,"(0,0)",MZMCTE_LULAB_450_500,DCM_LMZC,0,0,C,1550.0,14.559100000000171,1550.4817,-233.1199999999067,-11.970678997039794,-11.970678997039794,8955.287,10668.449999999999,False,31.22662148251115,1.405197966713002,450.0,33.36817455291748,34.843289375305176
D07,20190715_190855,"(2,0)",MZMCTE_LULAB_450_500,DCM_LMZC,2,0,C,1550.0,14.40319999999997,1548.7076,-223.38285714259217,-10.088868188858033,-10.088868188858033,41505.57,59634.770000000004,False,32.238821242236064,1.450746955900623,450.0,36.1536808013916,36.50025272369385
D07,20190715_190855,"(-1,2)",MZMCTE_LULAB_450_500,DCM_LMZC,-1,2,C,1550.0,14.459299999999985,1548.5505,-230.36571428557846,-10.405753993988037,-10.405753993988037,45946.119999999995,68342.38,False,31.383359378894298,1.4122511720502435,450.0,37.90065670013428,37.901883125305176
D07,20190715_190855,"(-3,2)",MZMCTE_LULAB_450_500,DCM_LMZC,-3,2,C,1550.0,14.372499999999945,1543.88,-255.7771428569041,-10.978378438949585,-10.978378438949585,61845.92,100106.7,False,28.095747414069592,1.2643086336331317,450.0,18.398858070373535,13.52524471282959
D07,20190715_190855,"(2,2)",MZMCTE_LULAB_450_500,DCM_LMZC,2,2,C,1550.0,14.305749999999989,1552.0019,-244.70285714272902,-10.892215251922607,-10.892215251922607,48047.27,71710.57,False,29.230860168616267,1.3153887075877322,450.0,31.93073081970215,35.47237491607666
D07,20190715_190855,"(0,3)",MZMCTE_LULAB_450_500,DCM_LMZC,0,3,C,1550.0,14.398299999999836,1547.391,-256.7657142855288,-10.284873199462892,-10.284873199462892,49716.18,76494.43,False,28.037816575441664,1.261701745894875,450.0,36.9568395614624,37.648536682128906
D08,20190526_082853,"(-1,-1)",MZMOTE_LULAB_380_500,DCM_LMZO,-1,-1,O,1310.0,9.820999999999913,1312.509,-158.7942857144078,-6.671769618988037,-6.671769618988037,53125.46,97263.08,False,30.92365684261152,1.1750989600192379,380.0,29.28114128112793,30.648732662200928
D08,20190526_082853,"(-3,-1)",MZMOTE_LULAB_380_500,DCM_LMZO,-3,-1,O,1310.0,9.856649999999945,1308.4738,-163.6514285713105,-9.243783760070801,-9.243783760070801,62870.32,114982.59999999999,False,30.114769195873368,1.144361229443188,380.0,31.727827072143555,29.32589817047119
D08,20190526_082853,"(3,-1)",MZMOTE_LULAB_380_500,DCM_LMZO,3,-1,O,1310.0,9.901599999999917,1307.53,-217.21142857124173,-9.008456373214722,-9.008456373214722,53568.05,96864.38,False,22.79253919816737,0.86611648953036,380.0,31.489797592163086,31.345436096191406
D08,20190526_082853,"(-3,-3)",MZMOTE_LULAB_380_500,DCM_LMZO,-3,-3,O,1310.0,9.83660000000009,1308.0264,-182.0857142854467,-9.940737199783324,-9.940737199783324,67618.09999999999,125198.70000000001,False,27.01090538212059,1.0264144045205823,380.0,29.15131664276123,26.18995952606201
D08,20190526_082853,"(0,-3)",MZMOTE_LULAB_380_500,DCM_LMZO,0,-3,O,1310.0,9.820300000000088,1306.2246,-167.645714285493,-8.224853515625,-8.224853515625,38477.920000000006,71476.76,False,29.2888489331632,1.1129762594602017,380.0,30.695013999938965,30.386322021484375
D08,20190526_082853,"(2,-3)",MZMOTE_LULAB_380_500,DCM_LMZO,2,-3,O,1310.0,9.889099999999871,1313.6828,-185.74285714259335,-8.631327962875366,-8.631327962875366,59376.85,109153.7,False,26.62040455318313,1.011575373020959,380.0,33.238487243652344,32.56575012207031
D08,20190526_082853,"(-1,-4)",MZMOTE_LULAB_380_500,DCM_LMZO,-1,-4,O,1310.0,9.711000000000013,1310.5799,-181.07428571393172,-8.447550773620605,-8.447550773620605,76404.6,142494.30000000002,False,26.814961499673764,1.018968536987603,380.0,30.320789337158203,29.37547492980957
D08,20190526_082853,"(-4,0)",MZMOTE_LULAB_380_500,DCM_LMZO,-4,0,O,1310.0,9.753200000000106,1313.6022,-184.4057142855397,-8.328320455551147,-8.328320455551147,76362.18999999999,143189.0,False,26.44495057484482,1.0049081218441032,380.0,32.92043685913086,33.24611473083496
D08,20190526_082853,"(0,0)",MZMOTE_LULAB_380_500,DCM_LMZO,0,0,O,1310.0,9.863800000000083,1312.432,-169.09714285687073,-6.367280507087708,-6.367280507087708,72038.03,133283.9,False,29.16607529066627,1.1083108610453183,380.0,31.0552716255188,31.113885402679443
D08,20190526_082853,"(2,0)",MZMOTE_LULAB_380_500,DCM_LMZO,2,0,O,1310.0,9.852300000000014,1312.7709,-195.00571428580014,-7.0068135261535645,-7.0068135261535645,34444.759999999995,63792.97,False,25.261567426584474,0.9599395622102099,380.0,29.52112627029419,31.11001491546631
D08,20190526_082853,"(-1,2)",MZMOTE_LULAB_380_500,DCM_LMZO,-1,2,O,1310.0,9.867100000000164,1311.8792,-194.99999999958465,-6.362979412078857,-6.362979412078857,35368.33,65804.3,False,25.30025641031072,0.9614097435918073,380.0,32.7756552696228,32.81456995010376
D08,20190526_082853,"(-3,2)",MZMOTE_LULAB_380_500,DCM_LMZO,-3,2,O,1310.0,9.734699999999975,1314.7933,-183.58285714280657,-7.743221759796143,-7.743221759796143,63460.43,117965.8,False,26.513096460927954,1.0074976655152623,380.0,29.389198303222656,32.50660943984985
D08,20190526_082853,"(2,2)",MZMOTE_LULAB_380_500,DCM_LMZO,2,2,O,1310.0,9.816100000000006,1310.1292,-195.67999999962268,-7.366436004638672,-7.366436004638672,39447.5,73537.76,False,25.082021668077815,0.9531168233869569,380.0,32.815579891204834,33.43575572967529
D08,20190526_082853,"(0,3)",MZMOTE_LULAB_380_500,DCM_LMZO,0,3,O,1310.0,9.776399999999967,1310.5995,-168.81142857105354,-6.863186359405518,-6.863186359405518,53002.57,96441.48000000001,False,28.956570306746244,1.1003496716563572,380.0,31.814915657043457,30.798646926879883
D08,20190712_113254,"(-1,-1)",MZMCTE_LULAB_450_500,DCM_LMZC,-1,-1,C,1550.0,14.364392100000032,1547.8397239,-228.52459314283317,-9.750843915343916,-9.750843915343916,-1.0808820000000001,68.93766000000001,True,31.428547585296332,1.4142846413383352,450.0,33.53071903855253,35.84165863073383
D08,20190712_113254,"(-3,-1)",MZMCTE_LULAB_450_500,DCM_LMZC,-3,-1,C,1550.0,14.359011059999943,1543.78591385,-219.77997371390714,-10.399971092752262,-10.399971092752262,489.42350000000005,1769.285,True,32.66678673529057,1.4700054030880758,450.0,16.067315143905503,12.510900989035004
D08,20190712_113254,"(3,-1)",MZMCTE_LULAB_450_500,DCM_LMZC,3,-1,C,1550.0,14.109135410000135,1546.37258399,-220.3990771426965,-10.923497354497353,-10.923497354497353,268.9357,1101.3090000000002,True,32.00815446442462,1.4403669508991082,450.0,36.66254261000139,37.13941546125715
D08,20190712_113254,"(-3,-3)",MZMCTE_LULAB_450_500,DCM_LMZC,-3,-3,C,1550.0,14.319985490000136,1548.58710168,-221.81211199968334,-10.514063492063492,-10.514063492063492,560.15,1657.994,True,32.27953911286093,1.4525792600787422,450.0,36.724014571066775,36.03931007685415
D08,20190712_113254,"(0,-3)",MZMCTE_LULAB_450_500,DCM_LMZC,0,-3,C,1550.0,14.236431684999957,1554.95679814,-244.6593617141218,-10.466218772814091,-10.466218772814091,278.5752,1127.307,True,29.09439390599503,1.3092477257697765,450.0,19.451787439793648,31.8529138072328
D08,20190712_113254,"(2,-3)",MZMCTE_LULAB_450_500,DCM_LMZC,2,-3,C,1550.0,14.168371194999963,1551.62027666,-247.99721599961637,-12.608555015951225,-12.608555015951225,1991.348,3803.3509999999997,False,28.565585177822882,1.2854513330020299,450.0,35.62714358585367,30.625661236318958
D08,20190712_113254,"(-1,-4)",MZMCTE_LULAB_450_500,DCM_LMZC,-1,-4,C,1550.0,14.237720280000076,1545.93200715,-246.0254834281174,-9.848788359788362,-9.848788359788362,2718.2839999999997,4770.344,False,28.93545839563402,1.302095627803531,450.0,37.51848564444141,33.5083033680327
D08,20190712_113254,"(-4,0)",MZMCTE_LULAB_450_500,DCM_LMZC,-4,0,C,1550.0,14.349130150000065,1550.15858542,-228.88256171402952,-14.140179279787933,-14.140179279787933,2078.31,3970.5979999999995,False,31.346053719741562,1.4105724173883705,450.0,37.86182301434579,37.448954357535015
D08,20190712_113254,"(0,0)",MZMCTE_LULAB_450_500,DCM_LMZC,0,0,C,1550.0,14.23807942999997,1547.75668406,-239.4318097139798,-10.339654260171502,-10.339654260171502,-5.754345000000001,17.905060000000002,True,29.73305728885498,1.3379875779984742,450.0,37.66408898394364,38.518306584250965
D08,20190712_113254,"(2,0)",MZMCTE_LULAB_450_500,DCM_LMZC,2,0,C,1550.0,14.24123325000005,1549.28690078,-253.28438571430078,-10.865858201058204,-10.865858201058204,79.61963,483.5394,True,28.11312906209672,1.2650908077943526,450.0,35.967174152785184,36.25534920230075
D08,20190712_113254,"(-1,2)",MZMCTE_LULAB_450_500,DCM_LMZC,-1,2,C,1550.0,14.125601969999934,1545.70274393,-240.16319199964,-9.978492063492064,-9.978492063492064,45.73714,346.7994,True,29.408340746114646,1.3233753335751592,450.0,38.24346236396592,36.62715039404678
D08,20190712_113254,"(-3,2)",MZMCTE_LULAB_450_500,DCM_LMZC,-3,2,C,1550.0,14.264201689999936,1542.99736095,-254.58630285678618,-11.952224411682552,-11.952224411682552,1951.4189999999999,3960.458,False,28.014471968713995,1.26065123859213,450.0,10.106359217548224,7.990367882652237
D08,20190712_113254,"(2,2)",MZMCTE_LULAB_450_500,DCM_LMZC,2,2,C,1550.0,14.297158189999891,1550.51880938,-248.61689028519672,-13.710507343081764,-13.710507343081764,399.5418,1404.75,True,28.75339276748081,1.2939026745366367,450.0,31.878280499009843,33.7216398988615
D08,20190712_113254,"(0,3)",MZMCTE_LULAB_450_500,DCM_LMZC,0,3,C,1550.0,14.141082430000097,1547.45513553,-196.35336228540046,-10.584843915343916,-10.584843915343916,853.4919,2234.832,True,36.00926988315579,1.6204171447420106,450.0,34.82884180997287,38.52661632589937
D23,20190531_072042,"(-1,-1)",MZMOTE_LULAB_380_500,DCM_LMZO,-1,-1,O,1310.0,9.954000000000178,1314.6781,2.0342857145958053,-7.220126652717591,-7.220126652717591,-120.80739999999999,-34.87231,True,2446.558988391154,92.96924155886384,380.0,31.824203491210938,31.977344512939453
D23,20190531_072042,"(-3,-1)",MZMOTE_LULAB_380_500,DCM_LMZO,-3,-1,O,1310.0,9.932500000000118,1307.7591,-1.3257142853976112,-9.2603253364563,-9.2603253364563,-118.7963,-73.41957000000001,True,3746.0937508948773,142.35156253400532,380.0,30.070996284484863,29.046183586120605
D23,20190531_072042,"(3,-1)",MZMOTE_LULAB_380_500,DCM_LMZO,3,-1,O,1310.0,9.882000000000062,1314.903,-4.42857142832217,-8.155855178833008,-8.155855178833008,-121.2264,-31.981400000000004,True,1115.7096774821587,42.396967744322026,380.0,33.627305030822754,33.866902351379395
D23,20190531_072042,"(-3,-3)",MZMOTE_LULAB_380_500,DCM_LMZO,-3,-3,O,1310.0,9.888799999999947,1307.2917,-1.2800000002178018,-9.92493600845337,-9.92493600845337,-117.62310000000001,-74.46708,True,3862.812499342692,146.78687497502227,380.0,22.960847854614258,23.186601638793945
D23,20190531_072042,"(0,-3)",MZMOTE_LULAB_380_500,DCM_LMZO,0,-3,O,1310.0,9.76220000000012,1313.065,2.3657142860854714,-7.472960638999939,-7.472960638999939,-120.7655,-64.57880999999999,True,2063.266907888855,78.40414249977648,380.0,34.534114837646484,34.46657609939575
D23,20190531_072042,"(2,-3)",MZMOTE_LULAB_380_500,DCM_LMZO,2,-3,O,1310.0,9.7179000000001,1310.5123,-0.24571428581153937,-7.815724277496338,-7.815724277496338,-120.6398,-64.41127,True,19774.796503801248,751.4422671444474,380.0,31.15079975128174,31.15554714202881
D23,20190531_072042,"(-1,-4)",MZMOTE_LULAB_380_500,DCM_LMZO,-1,-4,O,1310.0,9.767000000000053,1309.4731,-2.9942857142229102,-10.237365865707398,-10.237365865707398,-117.70689999999999,-66.63189,True,1630.9398855304005,61.975715650155216,380.0,28.43827247619629,28.46527671813965
D23,20190531_072042,"(-4,0)",MZMOTE_LULAB_380_500,DCM_LMZO,-4,0,O,1310.0,9.847400000000107,1313.3775,-0.9771428568076458,-8.163832664489746,-8.163832664489746,-120.2628,-71.24080000000001,True,5038.874270734502,191.47722228791108,380.0,32.68613529205322,32.77955913543701
D23,20190531_072042,"(0,0)",MZMOTE_LULAB_380_500,DCM_LMZO,0,0,O,1310.0,9.966900000000123,1314.8037,-4.1257142855346185,-6.889073371887207,-6.889073371887207,-119.5505,-65.20733,True,1207.899930800539,45.900197370420486,380.0,31.827784538269043,31.789917945861816
D23,20190531_072042,"(2,0)",MZMOTE_LULAB_380_500,DCM_LMZO,2,0,O,1310.0,9.787199999999984,1313.8005,2.7714285717089644,-7.172109436988831,-7.172109436988831,-120.2209,-36.04553,True,1765.73195858424,67.09781442620111,380.0,33.73808526992798,33.5939302444458
D23,20190531_072042,"(-1,2)",MZMOTE_LULAB_380_500,DCM_LMZO,-1,2,O,1310.0,9.973099999999931,1305.0242,0.6628571429651829,-6.998764562606811,-6.998764562606811,-117.1204,-38.14053,True,7522.812498773793,285.86687495340414,380.0,32.271864891052246,31.970465660095215
D23,20190531_072042,"(-3,2)",MZMOTE_LULAB_380_500,DCM_LMZO,-3,2,O,1310.0,9.878600000000006,1309.0887,0.08000000024544951,-8.593019485473633,-8.593019485473633,-120.80739999999999,-37.84722,True,61741.24981057054,2346.1674928016805,380.0,33.64289903640747,33.60564136505127
D23,20190531_072042,"(2,2)",MZMOTE_LULAB_380_500,DCM_LMZO,2,2,O,1310.0,9.782900000000154,1311.3059,-14.634285714233897,-6.570165157318115,-6.570165157318115,-120.3885,-36.00362,True,334.24590004023605,12.70134420152897,380.0,34.1263108253479,34.15237474441528
D23,20190531_072042,"(0,3)",MZMOTE_LULAB_380_500,DCM_LMZO,0,3,O,1310.0,9.825300000000198,1310.6473,-0.15999999956392527,-6.905231475830078,-6.905231475830078,-116.74329999999999,-67.51183999999999,True,30704.062583683528,1166.754378179974,380.0,33.63954210281372,33.86695098876953
D23,20190603_204847,"(-1,-1)",MZMOTE_LULAB_380_500,DCM_LMZO,-1,-1,O,1310.0,9.936299999999846,1314.6543,-124.05142857138041,-7.23802125453949,-7.23802125453949,213936.40000000002,422613.9,False,40.049115574200755,1.5218663918196287,380.0,29.602038860321045,31.13712739944458
D23,20190603_204847,"(-3,-1)",MZMOTE_LULAB_380_500,DCM_LMZO,-3,-1,O,1310.0,9.779600000000073,1307.7653,-118.58857142852096,-9.607523918151855,-9.607523918151855,220654.9,435580.0,False,41.23331566522289,1.5668659952784698,380.0,29.27384376525879,27.668540954589844
D23,20190603_204847,"(3,-1)",MZMOTE_LULAB_380_500,DCM_LMZO,3,-1,O,1310.0,9.92470000000003,1314.8851,-147.30285714258247,-8.078666162490846,-8.078666162490846,133723.3,259399.30000000002,False,33.688077042502215,1.280146927615084,380.0,27.968903064727783,33.53519582748413
D23,20190603_204847,"(-3,-3)",MZMOTE_LULAB_380_500,DCM_LMZO,-3,-3,O,1310.0,9.851100000000088,1307.2708,-112.53714285701761,-9.891438484191895,-9.891438484191895,189391.19999999998,372535.5,False,43.76821620803123,1.6631922159051866,380.0,22.62735366821289,22.860751152038574
D23,20190603_204847,"(0,-3)",MZMOTE_LULAB_380_500,DCM_LMZO,0,-3,O,1310.0,9.740599999999858,1313.0237,-139.9828571426891,-7.410173416137695,-7.410173416137695,173540.30000000002,340431.0,False,34.792117402172124,1.3221004612825407,380.0,34.14298439025879,34.41890573501587
D23,20190603_204847,"(2,-3)",MZMOTE_LULAB_380_500,DCM_LMZO,2,-3,O,1310.0,9.744300000000067,1310.4999,-147.79999999978634,-7.902754926681519,-7.902754926681519,143576.6,279372.8,False,32.9644790257583,1.2526502029788154,380.0,31.35348606109619,30.66388988494873
D23,20190603_204847,"(-1,-4)",MZMOTE_LULAB_380_500,DCM_LMZO,-1,-4,O,1310.0,9.697799999999916,1309.3776,-136.58857142830055,-10.18035888671875,-10.18035888671875,199683.8,393715.4,False,35.50004183582293,1.3490015897612713,380.0,29.093727111816406,29.526951789855957
D23,20190603_204847,"(-4,0)",MZMOTE_LULAB_380_500,DCM_LMZO,-4,0,O,1310.0,9.890299999999797,1313.3509,-135.73142857132336,-8.143417739868164,-8.143417739868164,175898.19999999998,345184.80000000005,False,36.43334526167865,1.3844671199437888,380.0,33.264708518981934,32.92054557800293
D23,20190603_204847,"(0,0)",MZMOTE_LULAB_380_500,DCM_LMZO,0,0,O,1310.0,9.946099999999888,1314.89,-125.83428571430686,-6.889528274536133,-6.889528274536133,238917.8,473359.0,False,39.52062803686681,1.5017838654009388,380.0,31.884392738342285,31.435407161712646
D23,20190603_204847,"(2,0)",MZMOTE_LULAB_380_500,DCM_LMZO,2,0,O,1310.0,9.834299999999985,1313.7595,-134.93142857129882,-7.092537927627563,-7.092537927627563,170937.6,335297.8,False,36.44184347608631,1.38479005209128,380.0,34.018850326538086,33.5744514465332
D23,20190603_204847,"(-1,2)",MZMOTE_LULAB_380_500,DCM_LMZO,-1,2,O,1310.0,9.969499999999925,1305.037,-118.97714285673716,-7.132037162780762,-7.132037162780762,188534.8,370558.5,False,41.896702848228614,1.5920747082326874,380.0,27.071363925933838,32.08413743972778
D23,20190603_204847,"(-3,2)",MZMOTE_LULAB_380_500,DCM_LMZO,-3,2,O,1310.0,9.879799999999932,1309.0519,-135.8799999995683,-8.493072509765625,-8.493072509765625,155611.7,304250.2,False,36.35487194594982,1.381485133946093,380.0,32.96709728240967,32.61757230758667
D23,20190603_204847,"(2,2)",MZMOTE_LULAB_380_500,DCM_LMZO,2,2,O,1310.0,9.818500000000085,1311.3043,-127.97142857095228,-6.635082244873047,-6.635082244873047,130227.7,252618.69999999998,False,38.362078589113864,1.4577589863863267,380.0,33.196410179138184,34.62968635559082
D23,20190603_204847,"(0,3)",MZMOTE_LULAB_380_500,DCM_LMZO,0,3,O,1310.0,9.747699999999895,1310.5671,-137.80571428537803,-6.896923065185547,-6.896923065185547,135814.30000000002,263769.5,False,35.36754644228197,1.3439667648067148,380.0,33.88769340515137,34.07207202911377
D24,20190531_151815,"(-1,-1)",MZMOTE_LULAB_380_500,DCM_LMZO,-1,-1,O,1310.0,9.88110000000006,1312.6222,-1.5657142853346697,-6.8826783180236815,-6.8826783180236815,-117.707,-70.61231000000001,True,3155.460767188436,119.90750915316056,380.0,30.24854612350464,30.344656467437744
D24,20190531_151815,"(-3,-1)",MZMOTE_LULAB_380_500,DCM_LMZO,-3,-1,O,1310.0,9.934799999999996,1307.3969,-2.0285714283336795,-8.801641464233398,-8.801641464233398,-118.41919999999999,-70.86372,True,2448.718310146144,93.05129578555348,380.0,28.730076789855957,28.651996612548828
D24,20190531_151815,"(3,-1)",MZMOTE_LULAB_380_500,DCM_LMZO,3,-1,O,1310.0,9.796400000000176,1305.7441,-2.4685714285428215,-8.687175750732422,-8.687175750732422,-119.6762,-72.91679,True,1984.224537060067,75.40053240828254,380.0,29.14413070678711,29.11018180847168
D24,20190531_151815,"(-3,-3)",MZMOTE_LULAB_380_500,DCM_LMZO,-3,-3,O,1310.0,9.942299999999932,1306.2409,0.8285714288042372,-9.930381774902344,-9.930381774902344,-120.59790000000001,-66.79948,True,5999.663791417646,227.98722407387055,380.0,24.987256050109863,25.42381477355957
D24,20190531_151815,"(0,-3)",MZMOTE_LULAB_380_500,DCM_LMZO,0,-3,O,1310.0,9.78189999999995,1313.5972,-3.102857142729399,-8.186590194702148,-8.186590194702148,-122.77650000000001,-65.58445,True,1576.2730203227136,59.89837477226312,380.0,33.56157302856445,33.47948455810547
D24,20190531_151815,"(2,-3)",MZMOTE_LULAB_380_500,DCM_LMZO,2,-3,O,1310.0,9.785900000000083,1309.8481,-3.057142856645779,-9.139732360839844,-9.139732360839844,-113.0561,-69.14587,True,1600.4976638116493,60.81891122484267,380.0,27.943856239318848,28.223855018615723
D24,20190531_151815,"(-1,-4)",MZMOTE_LULAB_380_500,DCM_LMZO,-1,-4,O,1310.0,9.757299999999987,1309.3092,30.92000000045567,-10.716476440429688,-10.716476440429688,-120.30470000000001,-68.01458,True,157.78298835472498,5.995753557479549,380.0,24.82267189025879,24.94075107574463
D24,20190531_151815,"(-4,0)",MZMOTE_LULAB_380_500,DCM_LMZO,-4,0,O,1310.0,9.91210000000001,1312.4095,0.5028571429144106,-8.372539520263672,-8.372539520263672,-122.3995,-37.260580000000004,True,9855.781248877585,374.51968745734825,380.0,34.04849433898926,33.94554901123047
D24,20190531_151815,"(0,0)",MZMOTE_LULAB_380_500,DCM_LMZO,0,0,O,1310.0,9.902499999999918,1313.6242,-7.039999999985589,-6.8527559518814085,-6.8527559518814085,-120.0114,-32.232679999999995,True,703.3025568196157,26.725497159145394,380.0,30.57264757156372,30.870240211486816
D24,20190531_151815,"(2,0)",MZMOTE_LULAB_380_500,DCM_LMZO,2,0,O,1310.0,9.819799999999987,1310.7002,-5.057142857239355,-7.046367168426514,-7.046367168426514,-120.9331,-62.483909999999995,True,970.8841807724333,36.893598869352466,380.0,32.145487785339355,31.981000900268555
D24,20190531_151815,"(-1,2)",MZMOTE_LULAB_380_500,DCM_LMZO,-1,2,O,1310.0,9.86480000000006,1313.7972,-0.6457142855096668,-6.502496719360352,-6.502496719360352,-122.8184,-72.16256,True,7638.672568792328,290.26955761410846,380.0,32.61940670013428,32.58534240722656
D24,20190531_151815,"(-3,2)",MZMOTE_LULAB_380_500,DCM_LMZO,-3,2,O,1310.0,9.815499999999929,1307.4864,7.314285714628467,-7.962082386016846,-7.962082386016846,-119.13149999999999,-66.50624,True,670.9814452810524,25.49729492067999,380.0,28.563395500183105,28.486929893493652
D24,20190531_151815,"(2,2)",MZMOTE_LULAB_380_500,DCM_LMZO,2,2,O,1310.0,9.830800000000067,1308.3986,11.874285714172565,-8.407565927505493,-8.407565927505493,-120.43039999999999,-73.50338,True,413.95332050442863,15.730226179168287,380.0,26.776424407958984,26.70513677597046
D24,20190531_151815,"(0,3)",MZMOTE_LULAB_380_500,DCM_LMZO,0,3,O,1310.0,9.89689999999996,1308.0921,4.65142857154884,-7.670004367828369,-7.670004367828369,-121.8548,-39.02045,True,1063.8559582034466,40.42652641173097,380.0,30.973987579345703,30.917701244354248
D24,20190603_225101,"(-1,-1)",MZMOTE_LULAB_380_500,DCM_LMZO,-1,-1,O,1310.0,9.820900000000165,1312.4875,-110.18857142820373,-6.977557182312012,-6.977557182312012,304715.8,605403.4,False,44.56405901586278,1.6934342426027857,380.0,30.53217840194702,32.43903303146362
D24,20190603_225101,"(-3,-1)",MZMOTE_LULAB_380_500,DCM_LMZO,-3,-1,O,1310.0,9.834499999999935,1307.3978,-107.65142857144596,-9.097068452835083,-9.097068452835083,299828.89999999997,595391.5,False,45.67751738414221,1.735745660597404,380.0,27.872760772705078,30.043344497680664
D24,20190603_225101,"(3,-1)",MZMOTE_LULAB_380_500,DCM_LMZO,3,-1,O,1310.0,9.78060000000005,1305.6861,-123.64571428563018,-8.669951438903809,-8.669951438903809,233058.5,460699.0,False,39.550905813873115,1.5029344209271784,380.0,29.335119247436523,29.120326042175293
D24,20190603_225101,"(-3,-3)",MZMOTE_LULAB_380_500,DCM_LMZO,-3,-3,O,1310.0,9.85349999999994,1306.2426,-147.6628571427604,-9.901712322235108,-9.901712322235108,254913.30000000002,504288.89999999997,False,33.364856236235426,1.2678645369769461,380.0,22.929859161376953,25.64531707763672
D24,20190603_225101,"(0,-3)",MZMOTE_LULAB_380_500,DCM_LMZO,0,-3,O,1310.0,9.755699999999933,1313.5701,-138.2571428570964,-8.006197690963745,-8.006197690963745,265657.80000000005,526489.3,False,35.28099814012321,1.340677929324682,380.0,33.53683090209961,33.48180866241455
D24,20190603_225101,"(2,-3)",MZMOTE_LULAB_380_500,DCM_LMZO,2,-3,O,1310.0,9.776599999999917,1309.8096,-132.16571428561312,-9.180018043518066,-9.180018043518066,225853.1,446154.1,False,36.98614293746584,1.405473431623702,380.0,27.973721504211426,28.287545204162598
D24,20190603_225101,"(-1,-4)",MZMOTE_LULAB_380_500,DCM_LMZO,-1,-4,O,1310.0,9.688700000000154,1309.1374,-136.79428571421184,-10.497353553771973,-10.497353553771973,263335.1,521719.7,False,35.41339446094119,1.3457089895157652,380.0,26.281664848327637,27.459879875183105
D24,20190603_225101,"(-4,0)",MZMOTE_LULAB_380_500,DCM_LMZO,-4,0,O,1310.0,9.75200000000018,1312.3581,-131.1428571428556,-8.283376550674438,-8.283376550674438,254443.4,503521.4,False,37.180827886711356,1.4128714596950316,380.0,33.5020227432251,33.05414009094238
D24,20190603_225101,"(0,0)",MZMOTE_LULAB_380_500,DCM_LMZO,0,0,O,1310.0,9.911200000000008,1313.5977,-112.95999999968997,-6.977410554885864,-6.977410554885864,305591.8,607136.5,False,43.87039660068701,1.6670750708261064,380.0,30.716142177581787,30.576136112213135
D24,20190603_225101,"(2,0)",MZMOTE_LULAB_380_500,DCM_LMZO,2,0,O,1310.0,9.827800000000025,1310.6992,-123.34857142849667,-6.921209287643433,-6.921209287643433,278712.5,552951.0,False,39.83751042344683,1.5138253960909795,380.0,31.928518772125244,31.994060516357422
D24,20190603_225101,"(-1,2)",MZMOTE_LULAB_380_500,DCM_LMZO,-1,2,O,1310.0,9.89930000000004,1313.7914,-116.36571428582072,-6.590469908714295,-6.590469908714295,290124.89999999997,575804.3,False,42.53529512861969,1.616341214887548,380.0,33.55287313461304,33.21536207199097
D24,20190603_225101,"(-3,2)",MZMOTE_LULAB_380_500,DCM_LMZO,-3,2,O,1310.0,9.790300000000116,1307.4698,-125.85714285714036,-7.951786637306213,-7.951786637306213,251198.4,496789.3,False,38.89449489216922,1.4779908059024303,380.0,27.2221040725708,27.920111656188965
D24,20190603_225101,"(2,2)",MZMOTE_LULAB_380_500,DCM_LMZO,2,2,O,1310.0,9.91969999999992,1308.342,-118.0857142854629,-8.303727912902833,-8.303727912902833,230504.59999999998,455397.4,False,42.002117106307324,1.5960804500396784,380.0,26.4905047416687,27.101545333862305
D24,20190603_225101,"(0,3)",MZMOTE_LULAB_380_500,DCM_LMZO,0,3,O,1310.0,9.864199999999983,1308.0452,-134.2457142854457,-7.602255344390869,-7.602255344390869,236981.5,468637.7,False,36.739347890934546,1.3960952198555128,380.0,30.7572922706604,30.62207841873169
