Wafer,Session,Die,Device,TestSite,DieCol,DieRow,Band,DesignWavelength_nm,PortLabel,Length_um,PeakIL_dB,PeakIL_at_1310_dB,IL_drop_vs_REF_dB,dIL_dV_dB_per_V,I_at_-1V_pA,I_at_-2V_pA
D08,20190526_082853,"(-1,-1)",PCM_PSLOTE_P1N1,PCM_PSLOTE_P1N1,-1,-1,O,1310.0,IN_1/OUT_1,500.0,-5.938419370367957,-5.938419370367957,-0.3581367207594024,-0.03469847321255672,-114.774,-90.0954
D08,20190526_082853,"(-1,-1)",PCM_PSLOTE_P1N1,PCM_PSLOTE_P1N1,-1,-1,O,1310.0,IN_2/OUT_2,1500.0,-7.112086334228516,-7.112086334228516,-1.5318036846199607,-0.11854899969280171,-91.18479,-69.94193
D08,20190526_082853,"(-1,-1)",PCM_PSLOTE_P1N1,PCM_PSLOTE_P1N1,-1,-1,O,1310.0,IN_3/OUT_3,2500.0,-8.085897369384751,-8.085897369384751,-2.5056147197761964,-0.1548193500706385,-66.25479,-46.10124
D08,20190526_082853,"(-3,-1)",PCM_PSLOTE_P1N1,PCM_PSLOTE_P1N1,-3,-1,O,1310.0,IN_1/OUT_1,500.0,-6.21232120436852,-6.21232120436852,-0.3423311620907601,-0.03408149337218314,-110.7098,-91.85519
D08,20190526_082853,"(-3,-1)",PCM_PSLOTE_P1N1,PCM_PSLOTE_P1N1,-3,-1,O,1310.0,IN_2/OUT_2,1500.0,-7.424251673172934,-7.424251673172934,-1.5542616308951747,-0.10151762843031054,-91.85516,-68.14025
D08,20190526_082853,"(-3,-1)",PCM_PSLOTE_P1N1,PCM_PSLOTE_P1N1,-3,-1,O,1310.0,IN_3/OUT_3,2500.0,-8.485963937008062,-8.485963937008062,-2.6159738947303026,-0.18749512756396408,-69.39726,-50.4588
D08,20190526_082853,"(3,-1)",PCM_PSLOTE_P1N1,PCM_PSLOTE_P1N1,3,-1,O,1310.0,IN_1/OUT_1,500.0,-7.207843391262876,-7.207843391262876,-0.3700233092631313,-0.04092370018575553,-112.3858,-91.89709
D08,20190526_082853,"(3,-1)",PCM_PSLOTE_P1N1,PCM_PSLOTE_P1N1,3,-1,O,1310.0,IN_2/OUT_2,1500.0,-8.516140136718764,-8.516140136718764,-1.6783200547190198,-0.13990401016029333,-97.42777,-71.07319
D08,20190526_082853,"(3,-1)",PCM_PSLOTE_P1N1,PCM_PSLOTE_P1N1,3,-1,O,1310.0,IN_3/OUT_3,2500.0,-9.640447889055405,-9.640447889055405,-2.8026278070556607,-0.20989569651311396,-66.92523,-52.47004
D08,20190526_082853,"(-3,-3)",PCM_PSLOTE_P1N1,PCM_PSLOTE_P1N1,-3,-3,O,1310.0,IN_1/OUT_1,500.0,-7.470363130374858,-7.470363130374858,-0.6154873490555,-0.055401961815831034,-115.73769999999999,-92.14848
D08,20190526_082853,"(-3,-3)",PCM_PSLOTE_P1N1,PCM_PSLOTE_P1N1,-3,-3,O,1310.0,IN_2/OUT_2,1500.0,-8.43968761328498,-8.43968761328498,-1.584811831965621,-0.06863093669413814,-94.53673,-69.48107
D08,20190526_082853,"(-3,-3)",PCM_PSLOTE_P1N1,PCM_PSLOTE_P1N1,-3,-3,O,1310.0,IN_3/OUT_3,2500.0,-9.478048791885522,-9.478048791885522,-2.6231730105661635,-0.16185814914963154,-74.04802,-50.37504
D08,20190526_082853,"(0,-3)",PCM_PSLOTE_P1N1,PCM_PSLOTE_P1N1,0,-3,O,1310.0,IN_1/OUT_1,500.0,-6.5122036933898695,-6.5122036933898695,-0.5208355270989786,-0.04904986874466921,-114.1874,-89.00602
D08,20190526_082853,"(0,-3)",PCM_PSLOTE_P1N1,PCM_PSLOTE_P1N1,0,-3,O,1310.0,IN_2/OUT_2,1500.0,-7.570953253543829,-7.570953253543829,-1.579585087252938,-0.12012006547993884,-92.14846,-70.31904
D08,20190526_082853,"(0,-3)",PCM_PSLOTE_P1N1,PCM_PSLOTE_P1N1,0,-3,O,1310.0,IN_3/OUT_3,2500.0,-8.758050070868613,-8.758050070868613,-2.7666819045777222,-0.1903027993013382,-67.93077,-50.0398
D08,20190526_082853,"(2,-3)",PCM_PSLOTE_P1N1,PCM_PSLOTE_P1N1,2,-3,O,1310.0,IN_1/OUT_1,500.0,-7.50101162183401,-7.50101162183401,-0.49879697377414,-0.08217280405404945,-114.31309999999999,-91.3524
D08,20190526_082853,"(2,-3)",PCM_PSLOTE_P1N1,PCM_PSLOTE_P1N1,2,-3,O,1310.0,IN_2/OUT_2,1500.0,-8.873630638122485,-8.873630638122485,-1.8714159900626148,-0.1538895405856409,-91.72949000000001,-69.98387
D08,20190526_082853,"(2,-3)",PCM_PSLOTE_P1N1,PCM_PSLOTE_P1N1,2,-3,O,1310.0,IN_3/OUT_3,2500.0,-9.972716755337192,-9.972716755337192,-2.970502107277322,-0.20405760999106326,-63.4057,-51.04538
D08,20190526_082853,"(-1,-4)",PCM_PSLOTE_P1N1,PCM_PSLOTE_P1N1,-1,-4,O,1310.0,IN_1/OUT_1,500.0,-7.4455231189727895,-7.4455231189727895,-0.5060530402872949,-0.06592778344921621,-110.8355,-91.18481
D08,20190526_082853,"(-1,-4)",PCM_PSLOTE_P1N1,PCM_PSLOTE_P1N1,-1,-4,O,1310.0,IN_2/OUT_2,1500.0,-8.606676750576444,-8.606676750576444,-1.6672066718909493,-0.08248814143412671,-94.57862,-71.99501
D08,20190526_082853,"(-1,-4)",PCM_PSLOTE_P1N1,PCM_PSLOTE_P1N1,-1,-4,O,1310.0,IN_3/OUT_3,2500.0,-9.682179120507623,-9.682179120507623,-2.7427090418221285,-0.1654710671576013,-68.81061,-51.464369999999995
D08,20190526_082853,"(-4,0)",PCM_PSLOTE_P1N1,PCM_PSLOTE_P1N1,-4,0,O,1310.0,IN_1/OUT_1,500.0,-7.021786405582591,-7.021786405582591,-0.28358350926778986,-0.02481364330139772,-114.0617,-91.6876
D08,20190526_082853,"(-4,0)",PCM_PSLOTE_P1N1,PCM_PSLOTE_P1N1,-4,0,O,1310.0,IN_2/OUT_2,1500.0,-8.400477698355264,-8.400477698355264,-1.6622748020404625,-0.13335277807728269,-91.64569,-72.95869
D08,20190526_082853,"(-4,0)",PCM_PSLOTE_P1N1,PCM_PSLOTE_P1N1,-4,0,O,1310.0,IN_3/OUT_3,2500.0,-9.643492832183867,-9.643492832183867,-2.9052899358690656,-0.2128631190313037,-67.17661,-52.009119999999996
D08,20190526_082853,"(0,0)",PCM_PSLOTE_P1N1,PCM_PSLOTE_P1N1,0,0,O,1310.0,IN_1/OUT_1,500.0,-6.112111151218415,-6.112111151218415,-0.38846801996230607,-0.0490486779797883,-115.61200000000001,-94.32723
D08,20190526_082853,"(0,0)",PCM_PSLOTE_P1N1,PCM_PSLOTE_P1N1,0,0,O,1310.0,IN_2/OUT_2,1500.0,-7.163839492797854,-7.163839492797854,-1.4401963615417452,-0.10308400364822483,-93.78254,-68.68495
D08,20190526_082853,"(0,0)",PCM_PSLOTE_P1N1,PCM_PSLOTE_P1N1,0,0,O,1310.0,IN_3/OUT_3,2500.0,-8.420461845397982,-8.420461845397982,-2.696818714141873,-0.17453820078087678,-65.58440999999999,-49.07614
D08,20190526_082853,"(2,0)",PCM_PSLOTE_P1N1,PCM_PSLOTE_P1N1,2,0,O,1310.0,IN_1/OUT_1,500.0,-6.096302557473231,-6.096302557473231,-0.4021104340601802,-0.0328909842505284,-114.0617,-89.38311999999999
D08,20190526_082853,"(2,0)",PCM_PSLOTE_P1N1,PCM_PSLOTE_P1N1,2,0,O,1310.0,IN_2/OUT_2,1500.0,-7.283883855800501,-7.283883855800501,-1.5896917323874504,-0.11712314367806297,-92.31608,-69.60675
D08,20190526_082853,"(2,0)",PCM_PSLOTE_P1N1,PCM_PSLOTE_P1N1,2,0,O,1310.0,IN_3/OUT_3,2500.0,-8.59040570499929,-8.59040570499929,-2.896213581586239,-0.19577980778599927,-67.97264,-52.17669
D08,20190526_082853,"(-1,2)",PCM_PSLOTE_P1N1,PCM_PSLOTE_P1N1,-1,2,O,1310.0,IN_1/OUT_1,500.0,-6.004841371016069,-6.004841371016069,-0.28951041994813664,-0.025414545127639483,-115.1092,-91.89709
D08,20190526_082853,"(-1,2)",PCM_PSLOTE_P1N1,PCM_PSLOTE_P1N1,-1,2,O,1310.0,IN_2/OUT_2,1500.0,-7.077837967872631,-7.077837967872631,-1.362507016804698,-0.08850622017749858,-94.41102,-70.90559
D08,20190526_082853,"(-1,2)",PCM_PSLOTE_P1N1,PCM_PSLOTE_P1N1,-1,2,O,1310.0,IN_3/OUT_3,2500.0,-8.144349965182226,-8.144349965182226,-2.429019014114293,-0.1938820278833883,-67.34415,-53.643170000000005
D08,20190526_082853,"(-3,2)",PCM_PSLOTE_P1N1,PCM_PSLOTE_P1N1,-3,2,O,1310.0,IN_1/OUT_1,500.0,-6.669429368972771,-6.669429368972771,-0.293974856463338,-0.019646637706011917,-115.73769999999999,-94.99761
D08,20190526_082853,"(-3,2)",PCM_PSLOTE_P1N1,PCM_PSLOTE_P1N1,-3,2,O,1310.0,IN_2/OUT_2,1500.0,-7.829554244725401,-7.829554244725401,-1.454099732215968,-0.12240865493857635,-92.44178,-70.27712
D08,20190526_082853,"(-3,2)",PCM_PSLOTE_P1N1,PCM_PSLOTE_P1N1,-3,2,O,1310.0,IN_3/OUT_3,2500.0,-9.055925502777109,-9.055925502777109,-2.6804709902676764,-0.20753387507869295,-65.75195,-47.77729
D08,20190526_082853,"(2,2)",PCM_PSLOTE_P1N1,PCM_PSLOTE_P1N1,2,2,O,1310.0,IN_1/OUT_1,500.0,-6.340583854251438,-6.340583854251438,-0.30226161532932316,-0.03200870318994487,-112.9305,-93.44737
D08,20190526_082853,"(2,2)",PCM_PSLOTE_P1N1,PCM_PSLOTE_P1N1,2,2,O,1310.0,IN_2/OUT_2,1500.0,-7.4663179731860785,-7.4663179731860785,-1.4279957342639635,-0.09861756224105783,-92.73509,-69.35540999999999
D08,20190526_082853,"(2,2)",PCM_PSLOTE_P1N1,PCM_PSLOTE_P1N1,2,2,O,1310.0,IN_3/OUT_3,2500.0,-8.476426301543261,-8.476426301543261,-2.4381040626211465,-0.17846534110169737,-71.45035,-52.34434
D08,20190526_082853,"(0,3)",PCM_PSLOTE_P1N1,PCM_PSLOTE_P1N1,0,3,O,1310.0,IN_1/OUT_1,500.0,-6.445338162508878,-6.445338162508878,-0.44547226819122177,-0.0439730841295672,-115.98910000000001,-90.38876
D08,20190526_082853,"(0,3)",PCM_PSLOTE_P1N1,PCM_PSLOTE_P1N1,0,3,O,1310.0,IN_2/OUT_2,1500.0,-7.470702147243011,-7.470702147243011,-1.4708362529253547,-0.11890687690374349,-93.15405,-70.27718
D08,20190526_082853,"(0,3)",PCM_PSLOTE_P1N1,PCM_PSLOTE_P1N1,0,3,O,1310.0,IN_3/OUT_3,2500.0,-8.494888513395098,-8.494888513395098,-2.4950226190774423,-0.19440137809831398,-69.98388,-51.84156
D23,20190531_072042,"(-1,-1)",PCM_PSLOTE_P1N1,PCM_PSLOTE_P1N1,-1,-1,O,1310.0,IN_1/OUT_1,500.0,-5.852015769843073,-5.852015769843073,-0.03968048095719645,0.004002798569647581,-121.3521,-28.21036
D23,20190531_072042,"(-1,-1)",PCM_PSLOTE_P1N1,PCM_PSLOTE_P1N1,-1,-1,O,1310.0,IN_2/OUT_2,1500.0,-6.389422787560376,-6.389422787560376,-0.5770874986744996,-0.0023141707465778208,-118.084,-70.06765
D23,20190531_072042,"(-1,-1)",PCM_PSLOTE_P1N1,PCM_PSLOTE_P1N1,-1,-1,O,1310.0,IN_3/OUT_3,2500.0,-6.996417602690193,-6.996417602690193,-1.1840823138043168,0.000991639206227717,-120.43039999999999,-69.31342000000001
D23,20190531_072042,"(-3,-1)",PCM_PSLOTE_P1N1,PCM_PSLOTE_P1N1,-3,-1,O,1310.0,IN_1/OUT_1,500.0,-6.217928053152511,-6.217928053152511,0.006514352548147251,0.007953667130995653,-119.59239999999998,-36.50643
D23,20190531_072042,"(-3,-1)",PCM_PSLOTE_P1N1,PCM_PSLOTE_P1N1,-3,-1,O,1310.0,IN_2/OUT_2,1500.0,-6.866490287780753,-6.866490287780753,-0.6420478820800941,0.0053846837930845316,-120.68169999999999,-41.07345
D23,20190531_072042,"(-3,-1)",PCM_PSLOTE_P1N1,PCM_PSLOTE_P1N1,-3,-1,O,1310.0,IN_3/OUT_3,2500.0,-7.600473647214798,-7.600473647214798,-1.3760312415141396,0.004907165451015797,-120.84930000000001,-72.53968
D23,20190531_072042,"(3,-1)",PCM_PSLOTE_P1N1,PCM_PSLOTE_P1N1,3,-1,O,1310.0,IN_1/OUT_1,500.0,-6.77437142735899,-6.77437142735899,-0.07199673298802356,0.014396425259362002,-121.9805,-27.41433
D23,20190531_072042,"(3,-1)",PCM_PSLOTE_P1N1,PCM_PSLOTE_P1N1,3,-1,O,1310.0,IN_2/OUT_2,1500.0,-7.473047551420651,-7.473047551420651,-0.7706728570496839,0.0010580486827510712,-119.71809999999999,-32.44219
D23,20190531_072042,"(3,-1)",PCM_PSLOTE_P1N1,PCM_PSLOTE_P1N1,3,-1,O,1310.0,IN_3/OUT_3,2500.0,-8.068553963486199,-8.068553963486199,-1.3661792691152321,0.004392419612790328,-120.4723,-68.55928
D23,20190531_072042,"(-3,-3)",PCM_PSLOTE_P1N1,PCM_PSLOTE_P1N1,-3,-3,O,1310.0,IN_1/OUT_1,500.0,-7.27269955271308,-7.27269955271308,-0.2864321401613372,0.014035140057860974,-116.45,-70.36094
D23,20190531_072042,"(-3,-3)",PCM_PSLOTE_P1N1,PCM_PSLOTE_P1N1,-3,-3,O,1310.0,IN_2/OUT_2,1500.0,-7.944539970281169,-7.944539970281169,-0.9582725577294262,-0.010344893176039822,-119.63430000000001,-68.97827
D23,20190531_072042,"(-3,-3)",PCM_PSLOTE_P1N1,PCM_PSLOTE_P1N1,-3,-3,O,1310.0,IN_3/OUT_3,2500.0,-8.511544603289945,-8.511544603289945,-1.5252771907382021,0.003564620210646702,-122.9441,-35.12374
D23,20190531_072042,"(0,-3)",PCM_PSLOTE_P1N1,PCM_PSLOTE_P1N1,0,-3,O,1310.0,IN_1/OUT_1,500.0,-6.345379238128516,-6.345379238128516,-0.2008451078394291,-0.009930665454432944,-121.9386,-63.27988
D23,20190531_072042,"(0,-3)",PCM_PSLOTE_P1N1,PCM_PSLOTE_P1N1,0,-3,O,1310.0,IN_2/OUT_2,1500.0,-6.958107675824788,-6.958107675824788,-0.8135735455357009,-0.011207446585218337,-120.975,-32.651630000000004
D23,20190531_072042,"(0,-3)",PCM_PSLOTE_P1N1,PCM_PSLOTE_P1N1,0,-3,O,1310.0,IN_3/OUT_3,2500.0,-7.406018170443448,-7.406018170443448,-1.261484040154361,-0.007283277298176312,-120.0114,-25.52879
D23,20190531_072042,"(2,-3)",PCM_PSLOTE_P1N1,PCM_PSLOTE_P1N1,2,-3,O,1310.0,IN_1/OUT_1,500.0,-7.017467720340009,-7.017467720340009,-0.12048372114547234,-0.0008527578598808358,-122.31569999999999,-68.05648000000001
D23,20190531_072042,"(2,-3)",PCM_PSLOTE_P1N1,PCM_PSLOTE_P1N1,2,-3,O,1310.0,IN_2/OUT_2,1500.0,-7.603428173065259,-7.603428173065259,-0.7064441738707226,0.008733197376931623,-119.5505,-26.53448
D23,20190531_072042,"(2,-3)",PCM_PSLOTE_P1N1,PCM_PSLOTE_P1N1,2,-3,O,1310.0,IN_3/OUT_3,2500.0,-8.175296183713975,-8.175296183713975,-1.2783121845194385,0.004289143977751577,-120.68169999999999,-33.57346
D23,20190531_072042,"(-1,-4)",PCM_PSLOTE_P1N1,PCM_PSLOTE_P1N1,-1,-4,O,1310.0,IN_1/OUT_1,500.0,-7.161609689394621,-7.161609689394621,-0.14552438259126177,-0.003657459054924591,-126.0444,-72.07877
D23,20190531_072042,"(-1,-4)",PCM_PSLOTE_P1N1,PCM_PSLOTE_P1N1,-1,-4,O,1310.0,IN_2/OUT_2,1500.0,-7.883492108547318,-7.883492108547318,-0.8674068017439591,0.01021775067318851,-121.3521,-70.77987999999999
D23,20190531_072042,"(-1,-4)",PCM_PSLOTE_P1N1,PCM_PSLOTE_P1N1,-1,-4,O,1310.0,IN_3/OUT_3,2500.0,-8.59932436261868,-8.59932436261868,-1.5832390558153202,-0.00014151368348532884,-122.9022,-37.51193
D23,20190531_072042,"(-4,0)",PCM_PSLOTE_P1N1,PCM_PSLOTE_P1N1,-4,0,O,1310.0,IN_1/OUT_1,500.0,-6.826650402762648,-6.826650402762648,-0.20877425158928276,0.013512439787152334,-121.14260000000002,-63.61515
D23,20190531_072042,"(-4,0)",PCM_PSLOTE_P1N1,PCM_PSLOTE_P1N1,-4,0,O,1310.0,IN_2/OUT_2,1500.0,-7.416683341517604,-7.416683341517604,-0.7988071903442391,0.013589399248729228,-118.0421,-66.79948
D23,20190531_072042,"(-4,0)",PCM_PSLOTE_P1N1,PCM_PSLOTE_P1N1,-4,0,O,1310.0,IN_3/OUT_3,2500.0,-8.10110380172728,-8.10110380172728,-1.483227650553915,0.011192885418329373,-118.7963,-33.19632
D23,20190531_072042,"(0,0)",PCM_PSLOTE_P1N1,PCM_PSLOTE_P1N1,0,0,O,1310.0,IN_1/OUT_1,500.0,-5.93675838130536,-5.93675838130536,-0.15071937221109533,-0.007374252353489968,-121.51969999999999,-29.844409999999996
D23,20190531_072042,"(0,0)",PCM_PSLOTE_P1N1,PCM_PSLOTE_P1N1,0,0,O,1310.0,IN_2/OUT_2,1500.0,-6.522948246002149,-6.522948246002149,-0.7369092369078842,0.0025105657262602717,-121.31020000000001,-66.88329
D23,20190531_072042,"(0,0)",PCM_PSLOTE_P1N1,PCM_PSLOTE_P1N1,0,0,O,1310.0,IN_3/OUT_3,2500.0,-6.993659538797805,-6.993659538797805,-1.20762052970354,-0.00043078683058666244,-120.8912,-24.35568
D23,20190531_072042,"(2,0)",PCM_PSLOTE_P1N1,PCM_PSLOTE_P1N1,2,0,O,1310.0,IN_1/OUT_1,500.0,-5.920285234451379,-5.920285234451379,-0.11055096221704108,0.019185051161695763,-119.17340000000002,-28.79696
D23,20190531_072042,"(2,0)",PCM_PSLOTE_P1N1,PCM_PSLOTE_P1N1,2,0,O,1310.0,IN_2/OUT_2,1500.0,-6.461106228105946,-6.461106228105946,-0.6513719558716078,-0.013122756837367158,-118.7544,-30.72427
D23,20190531_072042,"(2,0)",PCM_PSLOTE_P1N1,PCM_PSLOTE_P1N1,2,0,O,1310.0,IN_3/OUT_3,2500.0,-7.158754236844084,-7.158754236844084,-1.349019964609746,0.02046625704718923,-118.46110000000002,-71.32459
D23,20190531_072042,"(-1,2)",PCM_PSLOTE_P1N1,PCM_PSLOTE_P1N1,-1,2,O,1310.0,IN_1/OUT_1,500.0,-5.861374835968033,-5.861374835968033,-0.008730182647774143,0.002273463737724348,-121.1845,-73.08431
D23,20190531_072042,"(-1,2)",PCM_PSLOTE_P1N1,PCM_PSLOTE_P1N1,-1,2,O,1310.0,IN_2/OUT_2,1500.0,-6.454405994415213,-6.454405994415213,-0.6017613410949538,-0.0018872723961747492,-120.9331,-27.875130000000002
D23,20190531_072042,"(-1,2)",PCM_PSLOTE_P1N1,PCM_PSLOTE_P1N1,-1,2,O,1310.0,IN_3/OUT_3,2500.0,-6.894453968320517,-6.894453968320517,-1.0418093150002576,-0.009700481003474778,-119.76,-25.02605
D23,20190531_072042,"(-3,2)",PCM_PSLOTE_P1N1,PCM_PSLOTE_P1N1,-3,2,O,1310.0,IN_1/OUT_1,500.0,-6.644663242378632,-6.644663242378632,-0.03316656748457003,0.006931436216652313,-117.24610000000001,-25.3613
D23,20190531_072042,"(-3,2)",PCM_PSLOTE_P1N1,PCM_PSLOTE_P1N1,-3,2,O,1310.0,IN_2/OUT_2,1500.0,-7.286297807693324,-7.286297807693324,-0.6748011327992618,0.0001641278125550558,-120.9331,-69.35539
D23,20190531_072042,"(-3,2)",PCM_PSLOTE_P1N1,PCM_PSLOTE_P1N1,-3,2,O,1310.0,IN_3/OUT_3,2500.0,-7.8400590395686685,-7.8400590395686685,-1.2285623646746062,-0.016009782650772915,-123.27929999999999,-33.32201
D23,20190531_072042,"(2,2)",PCM_PSLOTE_P1N1,PCM_PSLOTE_P1N1,2,2,O,1310.0,IN_1/OUT_1,500.0,-6.10150041483878,-6.10150041483878,-0.12693100832942328,-5.272875323667892e-05,-116.7014,-73.41959
D23,20190531_072042,"(2,2)",PCM_PSLOTE_P1N1,PCM_PSLOTE_P1N1,2,2,O,1310.0,IN_2/OUT_2,1500.0,-6.863542804912662,-6.863542804912662,-0.888973398403305,-0.018699673258069857,-120.3885,-69.10396
D23,20190531_072042,"(2,2)",PCM_PSLOTE_P1N1,PCM_PSLOTE_P1N1,2,2,O,1310.0,IN_3/OUT_3,2500.0,-7.320796186273748,-7.320796186273748,-1.3462267797643914,-0.026050416687754954,-121.81290000000001,-69.94193
D23,20190531_072042,"(0,3)",PCM_PSLOTE_P1N1,PCM_PSLOTE_P1N1,0,3,O,1310.0,IN_1/OUT_1,500.0,-6.435888738048304,-6.435888738048304,-0.10811325005233563,0.007323874283464114,-119.2153,-66.33858
D23,20190531_072042,"(0,3)",PCM_PSLOTE_P1N1,PCM_PSLOTE_P1N1,0,3,O,1310.0,IN_2/OUT_2,1500.0,-7.034461793211462,-7.034461793211462,-0.7066863052154941,-0.011822445667968468,-120.6398,-29.38358
D23,20190531_072042,"(0,3)",PCM_PSLOTE_P1N1,PCM_PSLOTE_P1N1,0,3,O,1310.0,IN_3/OUT_3,2500.0,-7.464257919427082,-7.464257919427082,-1.136482431431114,-0.0010166640082408483,-118.2516,-33.783030000000004
D23,20190603_204847,"(-1,-1)",PCM_PSLOTE_P1N1,PCM_PSLOTE_P1N1,-1,-1,O,1310.0,IN_1/OUT_1,500.0,-5.860527364575265,-5.860527364575265,-0.15824976142578961,-0.033214238095536426,-115.31869999999999,-95.20710000000001
D23,20190603_204847,"(-1,-1)",PCM_PSLOTE_P1N1,PCM_PSLOTE_P1N1,-1,-1,O,1310.0,IN_2/OUT_2,1500.0,-6.336652094774884,-6.336652094774884,-0.6343744916254082,-0.0728198616331996,-94.62046,-71.61777
D23,20190603_204847,"(-1,-1)",PCM_PSLOTE_P1N1,PCM_PSLOTE_P1N1,-1,-1,O,1310.0,IN_3/OUT_3,2500.0,-6.913431280667048,-6.913431280667048,-1.2111536775175722,-0.11742514808661458,-67.88879,-44.341429999999995
D23,20190603_204847,"(-3,-1)",PCM_PSLOTE_P1N1,PCM_PSLOTE_P1N1,-3,-1,O,1310.0,IN_1/OUT_1,500.0,-6.247624715169328,-6.247624715169328,-0.05896635496207736,-0.024947897639170984,-112.5533,-92.65120999999999
D23,20190603_204847,"(-3,-1)",PCM_PSLOTE_P1N1,PCM_PSLOTE_P1N1,-3,-1,O,1310.0,IN_2/OUT_2,1500.0,-6.844269542133032,-6.844269542133032,-0.6556111819257815,-0.045865823440226806,-94.87187,-73.50326
D23,20190603_204847,"(-3,-1)",PCM_PSLOTE_P1N1,PCM_PSLOTE_P1N1,-3,-1,O,1310.0,IN_3/OUT_3,2500.0,-7.489360872579985,-7.489360872579985,-1.3007025123727338,-0.13059136376140612,-73.25188,-47.44196
D23,20190603_204847,"(3,-1)",PCM_PSLOTE_P1N1,PCM_PSLOTE_P1N1,3,-1,O,1310.0,IN_1/OUT_1,500.0,-6.7528856316791614,-6.7528856316791614,-0.0238352550514227,-0.031729126368082713,-114.0617,-95.33277000000001
D23,20190603_204847,"(3,-1)",PCM_PSLOTE_P1N1,PCM_PSLOTE_P1N1,3,-1,O,1310.0,IN_2/OUT_2,1500.0,-7.362302967996211,-7.362302967996211,-0.6332525913684721,-0.08634341943124361,-91.18475000000001,-70.36082
D23,20190603_204847,"(3,-1)",PCM_PSLOTE_P1N1,PCM_PSLOTE_P1N1,3,-1,O,1310.0,IN_3/OUT_3,2500.0,-7.914061222076234,-7.914061222076234,-1.1850108454484953,-0.16073465302506867,-68.30781,-46.77161
D23,20190603_204847,"(-3,-3)",PCM_PSLOTE_P1N1,PCM_PSLOTE_P1N1,-3,-3,O,1310.0,IN_1/OUT_1,500.0,-7.462632415270475,-7.462632415270475,-0.3809169579770195,-0.02616293414381758,-114.1874,-93.27974
D23,20190603_204847,"(-3,-3)",PCM_PSLOTE_P1N1,PCM_PSLOTE_P1N1,-3,-3,O,1310.0,IN_2/OUT_2,1500.0,-8.017960432803964,-8.017960432803964,-0.9362449755105082,-0.08213969553595617,-92.52554,-71.91112
D23,20190603_204847,"(-3,-3)",PCM_PSLOTE_P1N1,PCM_PSLOTE_P1N1,-3,-3,O,1310.0,IN_3/OUT_3,2500.0,-8.377936931571591,-8.377936931571591,-1.296221474278136,-0.1106172768178136,-73.62898,-48.866550000000004
D23,20190603_204847,"(0,-3)",PCM_PSLOTE_P1N1,PCM_PSLOTE_P1N1,0,-3,O,1310.0,IN_1/OUT_1,500.0,-6.30036820305723,-6.30036820305723,-0.1733992102385784,-0.03460134386216268,-114.355,-91.05908000000001
D23,20190603_204847,"(0,-3)",PCM_PSLOTE_P1N1,PCM_PSLOTE_P1N1,0,-3,O,1310.0,IN_2/OUT_2,1500.0,-6.806669645309435,-6.806669645309435,-0.6797006524907827,-0.08634337989770866,-93.27972000000001,-74.42506
D23,20190603_204847,"(0,-3)",PCM_PSLOTE_P1N1,PCM_PSLOTE_P1N1,0,-3,O,1310.0,IN_3/OUT_3,2500.0,-7.346283493042152,-7.346283493042152,-1.2193145002234997,-0.1527859182441764,-65.08158,-47.651430000000005
D23,20190603_204847,"(2,-3)",PCM_PSLOTE_P1N1,PCM_PSLOTE_P1N1,2,-3,O,1310.0,IN_1/OUT_1,500.0,-6.9210686245743105,-6.9210686245743105,-0.10174699710491364,-0.027079970172080012,-114.2293,-92.7769
D23,20190603_204847,"(2,-3)",PCM_PSLOTE_P1N1,PCM_PSLOTE_P1N1,2,-3,O,1310.0,IN_2/OUT_2,1500.0,-7.461402470303586,-7.461402470303586,-0.6420808428341891,-0.08272143598482737,-93.11212,-74.04796999999999
D23,20190603_204847,"(2,-3)",PCM_PSLOTE_P1N1,PCM_PSLOTE_P1N1,2,-3,O,1310.0,IN_3/OUT_3,2500.0,-8.022483475354239,-8.022483475354239,-1.203161847884842,-0.1452706765081204,-69.31336999999999,-45.38887
D23,20190603_204847,"(-1,-4)",PCM_PSLOTE_P1N1,PCM_PSLOTE_P1N1,-1,-4,O,1310.0,IN_1/OUT_1,500.0,-7.2889851721207135,-7.2889851721207135,-0.02704587756119281,-0.026141487630558822,-111.045,-93.9501
D23,20190603_204847,"(-1,-4)",PCM_PSLOTE_P1N1,PCM_PSLOTE_P1N1,-1,-4,O,1310.0,IN_2/OUT_2,1500.0,-7.890000638273582,-7.890000638273582,-0.6280613437140614,-0.06736057494907467,-96.63165000000001,-73.71286
D23,20190603_204847,"(-1,-4)",PCM_PSLOTE_P1N1,PCM_PSLOTE_P1N1,-1,-4,O,1310.0,IN_3/OUT_3,2500.0,-8.645508422851519,-8.645508422851519,-1.383569128291998,-0.1774194802294048,-72.41389,-51.422430000000006
D23,20190603_204847,"(-4,0)",PCM_PSLOTE_P1N1,PCM_PSLOTE_P1N1,-4,0,O,1310.0,IN_1/OUT_1,500.0,-6.775334672927867,-6.775334672927867,-0.1149588177420986,-0.015757689317262392,-114.1874,-92.81883
D23,20190603_204847,"(-4,0)",PCM_PSLOTE_P1N1,PCM_PSLOTE_P1N1,-4,0,O,1310.0,IN_2/OUT_2,1500.0,-7.4106212323254725,-7.4106212323254725,-0.750245377139704,-0.06152446876862801,-93.32163,-31.26897
D23,20190603_204847,"(-4,0)",PCM_PSLOTE_P1N1,PCM_PSLOTE_P1N1,-4,0,O,1310.0,IN_3/OUT_3,2500.0,-7.979130720851509,-7.979130720851509,-1.3187548656657402,-0.16211914163089378,-76.10097999999999,-37.930780000000006
D23,20190603_204847,"(0,0)",PCM_PSLOTE_P1N1,PCM_PSLOTE_P1N1,0,0,O,1310.0,IN_1/OUT_1,500.0,-5.92372656851697,-5.92372656851697,-0.08692759582670462,-0.01696313877966414,-114.31309999999999,-94.66238
D23,20190603_204847,"(0,0)",PCM_PSLOTE_P1N1,PCM_PSLOTE_P1N1,0,0,O,1310.0,IN_2/OUT_2,1500.0,-6.457674646377698,-6.457674646377698,-0.6208756736874328,-0.07557363349946294,-94.32719,-73.12619
D23,20190603_204847,"(0,0)",PCM_PSLOTE_P1N1,PCM_PSLOTE_P1N1,0,0,O,1310.0,IN_3/OUT_3,2500.0,-6.869284298955154,-6.869284298955154,-1.0324853262648892,-0.10462861567916301,-67.59553,-48.28
D23,20190603_204847,"(2,0)",PCM_PSLOTE_P1N1,PCM_PSLOTE_P1N1,2,0,O,1310.0,IN_1/OUT_1,500.0,-5.924417008956231,-5.924417008956231,-0.18624721730463278,-0.04159483225137481,-116.1986,-94.3272
D23,20190603_204847,"(2,0)",PCM_PSLOTE_P1N1,PCM_PSLOTE_P1N1,2,0,O,1310.0,IN_2/OUT_2,1500.0,-6.342848399250768,-6.342848399250768,-0.604678607599169,-0.07083261372722212,-92.65124,-70.10952
D23,20190603_204847,"(2,0)",PCM_PSLOTE_P1N1,PCM_PSLOTE_P1N1,2,0,O,1310.0,IN_3/OUT_3,2500.0,-7.118980417347907,-7.118980417347907,-1.3808106256963084,-0.1421158832470929,-66.25468000000001,-47.81913
D23,20190603_204847,"(-1,2)",PCM_PSLOTE_P1N1,PCM_PSLOTE_P1N1,-1,2,O,1310.0,IN_1/OUT_1,500.0,-5.9893798777931915,-5.9893798777931915,-0.143066469350277,-0.02651710298827357,-114.6902,-93.19589
D23,20190603_204847,"(-1,2)",PCM_PSLOTE_P1N1,PCM_PSLOTE_P1N1,-1,2,O,1310.0,IN_2/OUT_2,1500.0,-6.357000900037252,-6.357000900037252,-0.5106874915943376,-0.07950907540396376,-90.72388000000001,-74.04795
D23,20190603_204847,"(-1,2)",PCM_PSLOTE_P1N1,PCM_PSLOTE_P1N1,-1,2,O,1310.0,IN_3/OUT_3,2500.0,-6.836775838112384,-6.836775838112384,-0.9904624296694697,-0.12387455892297648,-69.39714000000001,-46.05931
D23,20190603_204847,"(-3,2)",PCM_PSLOTE_P1N1,PCM_PSLOTE_P1N1,-3,2,O,1310.0,IN_1/OUT_1,500.0,-6.66228976249687,-6.66228976249687,-0.12106961288841145,-0.027469160193104736,-115.73769999999999,-90.89143
D23,20190603_204847,"(-3,2)",PCM_PSLOTE_P1N1,PCM_PSLOTE_P1N1,-3,2,O,1310.0,IN_2/OUT_2,1500.0,-7.227419459942622,-7.227419459942622,-0.686199310334163,-0.07515843091199419,-91.89706,-69.6067
D23,20190603_204847,"(-3,2)",PCM_PSLOTE_P1N1,PCM_PSLOTE_P1N1,-3,2,O,1310.0,IN_3/OUT_3,2500.0,-7.856889647666907,-7.856889647666907,-1.3156694980584476,-0.12616756446338923,-67.88880999999999,-51.67374
D23,20190603_204847,"(2,2)",PCM_PSLOTE_P1N1,PCM_PSLOTE_P1N1,2,2,O,1310.0,IN_1/OUT_1,500.0,-6.05312814517901,-6.05312814517901,-0.10411690604049362,-0.021939046782062144,-113.2656,-93.6568
D23,20190603_204847,"(2,2)",PCM_PSLOTE_P1N1,PCM_PSLOTE_P1N1,2,2,O,1310.0,IN_2/OUT_2,1500.0,-6.735636282448796,-6.735636282448796,-0.7866250433102797,-0.08999079425283939,-90.76576,-72.24634999999999
D23,20190603_204847,"(2,2)",PCM_PSLOTE_P1N1,PCM_PSLOTE_P1N1,2,2,O,1310.0,IN_3/OUT_3,2500.0,-7.1642078459262235,-7.1642078459262235,-1.215196606787707,-0.13017266766478897,-70.06757,-47.358160000000005
D23,20190603_204847,"(0,3)",PCM_PSLOTE_P1N1,PCM_PSLOTE_P1N1,0,3,O,1310.0,IN_1/OUT_1,500.0,-6.370220796026408,-6.370220796026408,-0.08629072555405948,-0.025134688813635602,-114.39689999999999,-88.46131
D23,20190603_204847,"(0,3)",PCM_PSLOTE_P1N1,PCM_PSLOTE_P1N1,0,3,O,1310.0,IN_2/OUT_2,1500.0,-6.888018301555189,-6.888018301555189,-0.6040882310828399,-0.0776073692469893,-90.93333,-71.07315
D23,20190603_204847,"(0,3)",PCM_PSLOTE_P1N1,PCM_PSLOTE_P1N1,0,3,O,1310.0,IN_3/OUT_3,2500.0,-7.345792539048915,-7.345792539048915,-1.0618624685765665,-0.12618802435021506,-70.90557000000001,-48.07051
D24,20190531_151815,"(-1,-1)",PCM_PSLOTE_P1N1,PCM_PSLOTE_P1N1,-1,-1,O,1310.0,IN_1/OUT_1,500.0,-6.033948402212182,-6.033948402212182,-0.33063329831512966,-0.000613060041330559,-120.2628,-74.50896999999999
D24,20190531_151815,"(-1,-1)",PCM_PSLOTE_P1N1,PCM_PSLOTE_P1N1,-1,-1,O,1310.0,IN_2/OUT_2,1500.0,-6.547577010260588,-6.547577010260588,-0.8442619063635357,-0.0175539027952987,-121.4359,-37.72151
D24,20190531_151815,"(-1,-1)",PCM_PSLOTE_P1N1,PCM_PSLOTE_P1N1,-1,-1,O,1310.0,IN_3/OUT_3,2500.0,-7.062562913605584,-7.062562913605584,-1.3592478097085312,0.01064433682782046,-120.2628,-25.486990000000002
D24,20190531_151815,"(-3,-1)",PCM_PSLOTE_P1N1,PCM_PSLOTE_P1N1,-3,-1,O,1310.0,IN_1/OUT_1,500.0,-6.335864067077679,-6.335864067077679,-0.14559735298164078,-0.005210946898330364,-121.10069999999999,-24.73276
D24,20190531_151815,"(-3,-1)",PCM_PSLOTE_P1N1,PCM_PSLOTE_P1N1,-3,-1,O,1310.0,IN_2/OUT_2,1500.0,-7.070004620502979,-7.070004620502979,-0.8797379064069402,0.0059909118141955615,-120.8912,-73.41955999999999
D24,20190531_151815,"(-3,-1)",PCM_PSLOTE_P1N1,PCM_PSLOTE_P1N1,-3,-1,O,1310.0,IN_3/OUT_3,2500.0,-7.509057331085188,-7.509057331085188,-1.3187906169891495,-0.013592751458452046,-121.31020000000001,-67.05089
D24,20190531_151815,"(3,-1)",PCM_PSLOTE_P1N1,PCM_PSLOTE_P1N1,3,-1,O,1310.0,IN_1/OUT_1,500.0,-7.09567928314209,-7.09567928314209,-0.2808039597791048,-0.01875193326735797,-120.0952,-27.959
D24,20190531_151815,"(3,-1)",PCM_PSLOTE_P1N1,PCM_PSLOTE_P1N1,3,-1,O,1310.0,IN_2/OUT_2,1500.0,-7.621868071556135,-7.621868071556135,-0.8069927481931503,0.0011651306939117004,-119.38289999999999,-37.386359999999996
D24,20190531_151815,"(3,-1)",PCM_PSLOTE_P1N1,PCM_PSLOTE_P1N1,3,-1,O,1310.0,IN_3/OUT_3,2500.0,-8.311244551668523,-8.311244551668523,-1.4963692283055376,0.009580299080336634,-120.68169999999999,-71.28273
D24,20190531_151815,"(-3,-3)",PCM_PSLOTE_P1N1,PCM_PSLOTE_P1N1,-3,-3,O,1310.0,IN_1/OUT_1,500.0,-7.566070522580708,-7.566070522580708,-0.2764634226132836,0.005582139463736034,-119.0896,-66.67381
D24,20190531_151815,"(-3,-3)",PCM_PSLOTE_P1N1,PCM_PSLOTE_P1N1,-3,-3,O,1310.0,IN_2/OUT_2,1500.0,-8.13226604461631,-8.13226604461631,-0.8426589446488855,0.006608560547007658,-118.084,-26.19933
D24,20190531_151815,"(-3,-3)",PCM_PSLOTE_P1N1,PCM_PSLOTE_P1N1,-3,-3,O,1310.0,IN_3/OUT_3,2500.0,-8.668833000491377,-8.668833000491377,-1.3792259005239522,-0.010392994748469804,-118.92200000000001,-71.07321
D24,20190531_151815,"(0,-3)",PCM_PSLOTE_P1N1,PCM_PSLOTE_P1N1,0,-3,O,1310.0,IN_1/OUT_1,500.0,-6.445808598489351,-6.445808598489351,-0.18986679809258167,0.0005580520956175886,-119.8019,-38.601369999999996
D24,20190531_151815,"(0,-3)",PCM_PSLOTE_P1N1,PCM_PSLOTE_P1N1,0,-3,O,1310.0,IN_2/OUT_2,1500.0,-6.9646266445968905,-6.9646266445968905,-0.7086848442001212,-0.004812224284909992,-119.9695,-26.86962
D24,20190531_151815,"(0,-3)",PCM_PSLOTE_P1N1,PCM_PSLOTE_P1N1,0,-3,O,1310.0,IN_3/OUT_3,2500.0,-7.460698545593544,-7.460698545593544,-1.2047567451967751,-0.0034188294360652546,-119.63430000000001,-68.68495999999999
D24,20190531_151815,"(2,-3)",PCM_PSLOTE_P1N1,PCM_PSLOTE_P1N1,2,-3,O,1310.0,IN_1/OUT_1,500.0,-7.166052422523411,-7.166052422523411,-0.02500052322032076,0.004779190479100434,-126.63099999999999,-35.081869999999995
D24,20190531_151815,"(2,-3)",PCM_PSLOTE_P1N1,PCM_PSLOTE_P1N1,2,-3,O,1310.0,IN_2/OUT_2,1500.0,-7.876549720764197,-7.876549720764197,-0.7354978214611068,0.009369478997693984,-113.68459999999999,-67.55374
D24,20190531_151815,"(2,-3)",PCM_PSLOTE_P1N1,PCM_PSLOTE_P1N1,2,-3,O,1310.0,IN_3/OUT_3,2500.0,-8.501267433166726,-8.501267433166726,-1.3602155338636361,0.0016763924362580803,-116.8271,-28.88082
D24,20190531_151815,"(-1,-4)",PCM_PSLOTE_P1N1,PCM_PSLOTE_P1N1,-1,-4,O,1310.0,IN_1/OUT_1,500.0,-7.519567518523401,-7.519567518523401,-0.12479395659346348,0.01219253646506027,-118.7544,-35.54277
D24,20190531_151815,"(-1,-4)",PCM_PSLOTE_P1N1,PCM_PSLOTE_P1N1,-1,-4,O,1310.0,IN_2/OUT_2,1500.0,-8.340371122165633,-8.340371122165633,-0.9455975602356954,0.004019126526818617,-120.30470000000001,-67.13474000000001
D24,20190531_151815,"(-1,-4)",PCM_PSLOTE_P1N1,PCM_PSLOTE_P1N1,-1,-4,O,1310.0,IN_3/OUT_3,2500.0,-8.934935760497902,-8.934935760497902,-1.5401621985679643,-0.0113050734585903,-119.88570000000001,-30.3054
D24,20190531_151815,"(-4,0)",PCM_PSLOTE_P1N1,PCM_PSLOTE_P1N1,-4,0,O,1310.0,IN_1/OUT_1,500.0,-6.71691927765348,-6.71691927765348,-0.16745311081997993,0.008078166141549119,-121.26830000000001,-70.82179
D24,20190531_151815,"(-4,0)",PCM_PSLOTE_P1N1,PCM_PSLOTE_P1N1,-4,0,O,1310.0,IN_2/OUT_2,1500.0,-7.418949570986363,-7.418949570986363,-0.869483404152863,0.0019242249449456985,-122.31569999999999,-73.58716
D24,20190531_151815,"(-4,0)",PCM_PSLOTE_P1N1,PCM_PSLOTE_P1N1,-4,0,O,1310.0,IN_3/OUT_3,2500.0,-8.065632733431721,-8.065632733431721,-1.5161665665982218,0.0076951662446599735,-121.8967,-65.12351
D24,20190531_151815,"(0,0)",PCM_PSLOTE_P1N1,PCM_PSLOTE_P1N1,0,0,O,1310.0,IN_1/OUT_1,500.0,-5.948932920183459,-5.948932920183459,-0.14335199278220934,0.004379663212118322,-120.30470000000001,-38.475719999999995
D24,20190531_151815,"(0,0)",PCM_PSLOTE_P1N1,PCM_PSLOTE_P1N1,0,0,O,1310.0,IN_2/OUT_2,1500.0,-6.511999559874574,-6.511999559874574,-0.7064186324733237,-0.001082273250819756,-120.80739999999999,-67.26035
D24,20190531_151815,"(0,0)",PCM_PSLOTE_P1N1,PCM_PSLOTE_P1N1,0,0,O,1310.0,IN_3/OUT_3,2500.0,-7.133272550543936,-7.133272550543936,-1.3276916231426856,-0.008169396663325548,-123.32119999999999,-35.71039
D24,20190531_151815,"(2,0)",PCM_PSLOTE_P1N1,PCM_PSLOTE_P1N1,2,0,O,1310.0,IN_1/OUT_1,500.0,-5.998312516645952,-5.998312516645952,-0.05197251042108153,-0.011718763444758418,-119.5086,-23.97852
D24,20190531_151815,"(2,0)",PCM_PSLOTE_P1N1,PCM_PSLOTE_P1N1,2,0,O,1310.0,IN_2/OUT_2,1500.0,-6.687236554551857,-6.687236554551857,-0.7408965483269867,-0.013328637998589098,-122.8603,-38.43376
D24,20190531_151815,"(2,0)",PCM_PSLOTE_P1N1,PCM_PSLOTE_P1N1,2,0,O,1310.0,IN_3/OUT_3,2500.0,-7.207771802435246,-7.207771802435246,-1.2614317962103758,0.0006861671753991182,-121.7291,-69.18777
D24,20190531_151815,"(-1,2)",PCM_PSLOTE_P1N1,PCM_PSLOTE_P1N1,-1,2,O,1310.0,IN_1/OUT_1,500.0,-5.827395009994394,-5.827395009994394,-0.1578267288205506,0.0005399404972639675,-123.74019999999999,-37.47012
D24,20190531_151815,"(-1,2)",PCM_PSLOTE_P1N1,PCM_PSLOTE_P1N1,-1,2,O,1310.0,IN_2/OUT_2,1500.0,-6.416426008397883,-6.416426008397883,-0.7468577272240395,0.008396554486981114,-121.8967,-33.23831
D24,20190531_151815,"(-1,2)",PCM_PSLOTE_P1N1,PCM_PSLOTE_P1N1,-1,2,O,1310.0,IN_3/OUT_3,2500.0,-7.013352108001756,-7.013352108001756,-1.343783826827913,-0.0038865942951782427,-122.1481,-68.81065000000001
D24,20190531_151815,"(-3,2)",PCM_PSLOTE_P1N1,PCM_PSLOTE_P1N1,-3,2,O,1310.0,IN_1/OUT_1,500.0,-6.242284834384946,-6.242284834384946,-0.0990087914467832,-0.007488653836543944,-122.0224,-71.19893
D24,20190531_151815,"(-3,2)",PCM_PSLOTE_P1N1,PCM_PSLOTE_P1N1,-3,2,O,1310.0,IN_2/OUT_2,1500.0,-7.030987443923943,-7.030987443923943,-0.88771140098578,-0.016677492843508373,-118.7963,-31.771810000000002
D24,20190531_151815,"(-3,2)",PCM_PSLOTE_P1N1,PCM_PSLOTE_P1N1,-3,2,O,1310.0,IN_3/OUT_3,2500.0,-7.619652401317063,-7.619652401317063,-1.4763763583789,-0.008986943420728555,-121.0588,-68.26602
D24,20190531_151815,"(2,2)",PCM_PSLOTE_P1N1,PCM_PSLOTE_P1N1,2,2,O,1310.0,IN_1/OUT_1,500.0,-6.032553264072936,-6.032553264072936,-0.01489256918000681,0.0011116797236413716,-122.77650000000001,-24.56517
D24,20190531_151815,"(2,2)",PCM_PSLOTE_P1N1,PCM_PSLOTE_P1N1,2,2,O,1310.0,IN_2/OUT_2,1500.0,-6.710839062320944,-6.710839062320944,-0.6931783674280148,-0.015417243363132346,-123.86580000000001,-63.0286
D24,20190531_151815,"(2,2)",PCM_PSLOTE_P1N1,PCM_PSLOTE_P1N1,2,2,O,1310.0,IN_3/OUT_3,2500.0,-7.210129833221432,-7.210129833221432,-1.1924691383285024,-0.006592823977902749,-120.8912,-21.506500000000003
D24,20190531_151815,"(0,3)",PCM_PSLOTE_P1N1,PCM_PSLOTE_P1N1,0,3,O,1310.0,IN_1/OUT_1,500.0,-6.090770935525774,-6.090770935525774,-0.010321316232688282,0.008379230037634786,-123.61449999999999,-34.4535
D24,20190531_151815,"(0,3)",PCM_PSLOTE_P1N1,PCM_PSLOTE_P1N1,0,3,O,1310.0,IN_2/OUT_2,1500.0,-6.656424536849376,-6.656424536849376,-0.57597491755629,-0.005673551975443481,-117.62310000000001,-70.15144000000001
D24,20190531_151815,"(0,3)",PCM_PSLOTE_P1N1,PCM_PSLOTE_P1N1,0,3,O,1310.0,IN_3/OUT_3,2500.0,-7.108830734175178,-7.108830734175178,-1.0283811148820918,0.006149132144220546,-120.0114,-35.5427
D24,20190603_225101,"(-1,-1)",PCM_PSLOTE_P1N1,PCM_PSLOTE_P1N1,-1,-1,O,1310.0,IN_1/OUT_1,500.0,-5.941821734110445,-5.941821734110445,-0.15833744376585734,-0.027499206388601625,-113.517,-87.70712999999999
D24,20190603_225101,"(-1,-1)",PCM_PSLOTE_P1N1,PCM_PSLOTE_P1N1,-1,-1,O,1310.0,IN_2/OUT_2,1500.0,-6.404063796997185,-6.404063796997185,-0.6205795066525974,-0.07832218463745533,-96.54787999999999,-76.85523
D24,20190603_225101,"(-1,-1)",PCM_PSLOTE_P1N1,PCM_PSLOTE_P1N1,-1,-1,O,1310.0,IN_3/OUT_3,2500.0,-6.929708451935671,-6.929708451935671,-1.1462241615910829,-0.09674399127614294,-75.22124000000001,-49.83024
D24,20190603_225101,"(-3,-1)",PCM_PSLOTE_P1N1,PCM_PSLOTE_P1N1,-3,-1,O,1310.0,IN_1/OUT_1,500.0,-6.213566581801679,-6.213566581801679,-0.13794962002394318,-0.024914056312044748,-115.6958,-91.77135999999999
D24,20190603_225101,"(-3,-1)",PCM_PSLOTE_P1N1,PCM_PSLOTE_P1N1,-3,-1,O,1310.0,IN_2/OUT_2,1500.0,-6.874654452006104,-6.874654452006104,-0.7990374902283683,-0.0781271704904365,-90.76572,-71.03119
D24,20190603_225101,"(-3,-1)",PCM_PSLOTE_P1N1,PCM_PSLOTE_P1N1,-3,-1,O,1310.0,IN_3/OUT_3,2500.0,-7.335658653495241,-7.335658653495241,-1.2600416917175048,-0.13299728322995683,-69.10388999999999,-46.89728
D24,20190603_225101,"(3,-1)",PCM_PSLOTE_P1N1,PCM_PSLOTE_P1N1,3,-1,O,1310.0,IN_1/OUT_1,500.0,-6.964304129282631,-6.964304129282631,-0.10049387902934459,-0.018912917812796498,-114.9416,-89.25743
D24,20190603_225101,"(3,-1)",PCM_PSLOTE_P1N1,PCM_PSLOTE_P1N1,3,-1,O,1310.0,IN_2/OUT_2,1500.0,-7.471335630416763,-7.471335630416763,-0.6075253801634766,-0.07333788369968977,-92.77693000000001,-73.7547
D24,20190603_225101,"(3,-1)",PCM_PSLOTE_P1N1,PCM_PSLOTE_P1N1,3,-1,O,1310.0,IN_3/OUT_3,2500.0,-8.066709654671875,-8.066709654671875,-1.2028994044185888,-0.1250456832225212,-69.14588,-47.98667
D24,20190603_225101,"(-3,-3)",PCM_PSLOTE_P1N1,PCM_PSLOTE_P1N1,-3,-3,O,1310.0,IN_1/OUT_1,500.0,-7.457363456487668,-7.457363456487668,-0.17264232761936515,-0.014077609119237104,-114.39689999999999,-89.84397
D24,20190603_225101,"(-3,-3)",PCM_PSLOTE_P1N1,PCM_PSLOTE_P1N1,-3,-3,O,1310.0,IN_2/OUT_2,1500.0,-8.10295036860912,-8.10295036860912,-0.8182292397408171,-0.1145672871537092,-95.96124999999999,-70.73791999999999
D24,20190603_225101,"(-3,-3)",PCM_PSLOTE_P1N1,PCM_PSLOTE_P1N1,-3,-3,O,1310.0,IN_3/OUT_3,2500.0,-8.600737118961776,-8.600737118961776,-1.3160159900934731,-0.09967242704062022,-70.36086,-52.84699
D24,20190603_225101,"(0,-3)",PCM_PSLOTE_P1N1,PCM_PSLOTE_P1N1,0,-3,O,1310.0,IN_1/OUT_1,500.0,-6.321470825039652,-6.321470825039652,-0.18529029896127547,-0.028660437335315668,-112.4696,-93.82443
D24,20190603_225101,"(0,-3)",PCM_PSLOTE_P1N1,PCM_PSLOTE_P1N1,0,-3,O,1310.0,IN_2/OUT_2,1500.0,-6.84427503624345,-6.84427503624345,-0.7080945101650729,-0.07504058754634434,-92.48362,-78.11226
D24,20190603_225101,"(0,-3)",PCM_PSLOTE_P1N1,PCM_PSLOTE_P1N1,0,-3,O,1310.0,IN_3/OUT_3,2500.0,-7.355081359545294,-7.355081359545294,-1.2189008334669174,-0.1188947084484831,-70.31895,-47.0649
D24,20190603_225101,"(2,-3)",PCM_PSLOTE_P1N1,PCM_PSLOTE_P1N1,2,-3,O,1310.0,IN_1/OUT_1,500.0,-7.157669621284595,-7.157669621284595,-0.04724361811366862,-0.03193308773385564,-114.56450000000001,-93.3216
D24,20190603_225101,"(2,-3)",PCM_PSLOTE_P1N1,PCM_PSLOTE_P1N1,2,-3,O,1310.0,IN_2/OUT_2,1500.0,-7.7925650262340795,-7.7925650262340795,-0.6821390230631534,-0.06637139865091868,-93.57300000000001,-70.27712
D24,20190603_225101,"(2,-3)",PCM_PSLOTE_P1N1,PCM_PSLOTE_P1N1,2,-3,O,1310.0,IN_3/OUT_3,2500.0,-8.277836587694255,-8.277836587694255,-1.1674105845233287,-0.15910137024009688,-68.01447999999999,-46.56214
D24,20190603_225101,"(-1,-4)",PCM_PSLOTE_P1N1,PCM_PSLOTE_P1N1,-1,-4,O,1310.0,IN_1/OUT_1,500.0,-7.545058688731863,-7.545058688731863,-0.29548920043759175,-0.03690279104278146,-113.8522,-93.90823
D24,20190603_225101,"(-1,-4)",PCM_PSLOTE_P1N1,PCM_PSLOTE_P1N1,-1,-4,O,1310.0,IN_2/OUT_2,1500.0,-8.15546045497983,-8.15546045497983,-0.9058909666855586,-0.09814448453323395,-73.16815,-72.41394
D24,20190603_225101,"(-1,-4)",PCM_PSLOTE_P1N1,PCM_PSLOTE_P1N1,-1,-4,O,1310.0,IN_3/OUT_3,2500.0,-8.682259854582039,-8.682259854582039,-1.4326903662877681,-0.16386666477584821,-70.48657,-52.51181
D24,20190603_225101,"(-4,0)",PCM_PSLOTE_P1N1,PCM_PSLOTE_P1N1,-4,0,O,1310.0,IN_1/OUT_1,500.0,-6.625123649835656,-6.625123649835656,0.1160279440251335,-0.01646964811104366,-102.12049999999999,-103.04220000000001
D24,20190603_225101,"(-4,0)",PCM_PSLOTE_P1N1,PCM_PSLOTE_P1N1,-4,0,O,1310.0,IN_2/OUT_2,1500.0,-7.336731011105657,-7.336731011105657,-0.5955794172448678,-0.05806714446775014,-96.25455,-73.29379
D24,20190603_225101,"(-4,0)",PCM_PSLOTE_P1N1,PCM_PSLOTE_P1N1,-4,0,O,1310.0,IN_3/OUT_3,2500.0,-8.004633373684383,-8.004633373684383,-1.2634817798235938,-0.12669745280936306,-55.821850000000005,-53.81066
D24,20190603_225101,"(0,0)",PCM_PSLOTE_P1N1,PCM_PSLOTE_P1N1,0,0,O,1310.0,IN_1/OUT_1,500.0,-5.907474806814499,-5.907474806814499,-0.10283537200010961,-0.03137714161594651,-116.65950000000001,-95.1652
D24,20190603_225101,"(0,0)",PCM_PSLOTE_P1N1,PCM_PSLOTE_P1N1,0,0,O,1310.0,IN_2/OUT_2,1500.0,-6.4094768981544235,-6.4094768981544235,-0.6048374633400337,-0.05583196748133854,-94.36909,-70.52844999999999
D24,20190603_225101,"(0,0)",PCM_PSLOTE_P1N1,PCM_PSLOTE_P1N1,0,0,O,1310.0,IN_3/OUT_3,2500.0,-6.949300790073953,-6.949300790073953,-1.1446613552595633,-0.11031603751323439,-62.40002,-50.33303
D24,20190603_225101,"(2,0)",PCM_PSLOTE_P1N1,PCM_PSLOTE_P1N1,2,0,O,1310.0,IN_1/OUT_1,500.0,-5.920098796035277,-5.920098796035277,0.21286585434493244,-0.025233772402673306,-114.1455,-92.60932
D24,20190603_225101,"(2,0)",PCM_PSLOTE_P1N1,PCM_PSLOTE_P1N1,2,0,O,1310.0,IN_2/OUT_2,1500.0,-6.522772312164176,-6.522772312164176,-0.38980766178396653,-0.09082168379193975,-93.44732,-71.61782000000001
D24,20190603_225101,"(2,0)",PCM_PSLOTE_P1N1,PCM_PSLOTE_P1N1,2,0,O,1310.0,IN_3/OUT_3,2500.0,-7.039025402069136,-7.039025402069136,-0.9060607516889263,-0.114618377898141,-69.60667,-45.93357
D24,20190603_225101,"(-1,2)",PCM_PSLOTE_P1N1,PCM_PSLOTE_P1N1,-1,2,O,1310.0,IN_1/OUT_1,500.0,-5.792705006069643,-5.792705006069643,-0.18204614148389453,-0.019823341708424567,-117.1204,-92.19033
D24,20190603_225101,"(-1,2)",PCM_PSLOTE_P1N1,PCM_PSLOTE_P1N1,-1,2,O,1310.0,IN_2/OUT_2,1500.0,-6.294076270663883,-6.294076270663883,-0.6834174060781342,-0.08883994942086074,-95.75177000000001,-71.36639000000001
D24,20190603_225101,"(-1,2)",PCM_PSLOTE_P1N1,PCM_PSLOTE_P1N1,-1,2,O,1310.0,IN_3/OUT_3,2500.0,-6.857336388420808,-6.857336388420808,-1.246677523835059,-0.12636965467671302,-68.34967999999999,-45.556520000000006
D24,20190603_225101,"(-3,2)",PCM_PSLOTE_P1N1,PCM_PSLOTE_P1N1,-3,2,O,1310.0,IN_1/OUT_1,500.0,-6.149709436082366,-6.149709436082366,-0.005743323095778408,-0.032836617624862216,-127.34320000000001,-84.43898
D24,20190603_225101,"(-3,2)",PCM_PSLOTE_P1N1,PCM_PSLOTE_P1N1,-3,2,O,1310.0,IN_2/OUT_2,1500.0,-6.875953703215545,-6.875953703215545,-0.7319875902289574,-0.06451384657585826,-86.07307,-71.78545
D24,20190603_225101,"(-3,2)",PCM_PSLOTE_P1N1,PCM_PSLOTE_P1N1,-3,2,O,1310.0,IN_3/OUT_3,2500.0,-7.3809793238739685,-7.3809793238739685,-1.2370132108873806,-0.14435622072833174,-68.76869,-52.46979
D24,20190603_225101,"(2,2)",PCM_PSLOTE_P1N1,PCM_PSLOTE_P1N1,2,2,O,1310.0,IN_1/OUT_1,500.0,-5.9470949367601325,-5.9470949367601325,0.1650301321428822,-0.03433156883067458,-112.8047,-94.15961
D24,20190603_225101,"(2,2)",PCM_PSLOTE_P1N1,PCM_PSLOTE_P1N1,2,2,O,1310.0,IN_2/OUT_2,1500.0,-6.57988224125874,-6.57988224125874,-0.467757172355725,-0.07506795069206616,-90.22108999999999,-72.87484
D24,20190603_225101,"(2,2)",PCM_PSLOTE_P1N1,PCM_PSLOTE_P1N1,2,2,O,1310.0,IN_3/OUT_3,2500.0,-7.005449097565951,-7.005449097565951,-0.8933240286629367,-0.12094832039432785,-68.76869,-46.60403
D24,20190603_225101,"(0,3)",PCM_PSLOTE_P1N1,PCM_PSLOTE_P1N1,0,3,O,1310.0,IN_1/OUT_1,500.0,-5.973984414880926,-5.973984414880926,0.036378441435005904,-0.020407702735897842,-113.4751,-94.66238
D24,20190603_225101,"(0,3)",PCM_PSLOTE_P1N1,PCM_PSLOTE_P1N1,0,3,O,1310.0,IN_2/OUT_2,1500.0,-6.525224485397333,-6.525224485397333,-0.514861629081401,-0.08951985873756826,-93.11213000000001,-72.20442
D24,20190603_225101,"(0,3)",PCM_PSLOTE_P1N1,PCM_PSLOTE_P1N1,0,3,O,1310.0,IN_3/OUT_3,2500.0,-6.980756004258041,-6.980756004258041,-0.9703931479421097,-0.13557571731613532,-70.44468,-48.321870000000004
D07,20190715_190855,"(-1,-1)",PCM_PSLCTE_P1N1,PCM_PSLCTE_P1N1,-1,-1,C,1550.0,IN_1/OUT_1,500.0,-9.028573513031093,-9.028573513031093,-0.6325575002690087,-0.03975183211209483,-73.56343000000001,-24.79073
D07,20190715_190855,"(-1,-1)",PCM_PSLCTE_P1N1,PCM_PSLCTE_P1N1,-1,-1,C,1550.0,IN_2/OUT_2,1500.0,-10.73970172279742,-10.73970172279742,-2.343685710035336,-0.1552213921256269,-63.034890000000004,-10.60008
D07,20190715_190855,"(-1,-1)",PCM_PSLCTE_P1N1,PCM_PSLCTE_P1N1,-1,-1,C,1550.0,IN_3/OUT_3,2500.0,-12.604078236192656,-12.604078236192656,-4.208062223430572,-0.25023612558348834,-37.48333,9.915913
D07,20190715_190855,"(-3,-1)",PCM_PSLCTE_P1N1,PCM_PSLCTE_P1N1,-3,-1,C,1550.0,IN_1/OUT_1,500.0,-9.982964547125848,-9.982964547125848,-0.512727320078552,-0.051585021439997734,-77.47524,-27.82865
D07,20190715_190855,"(-3,-1)",PCM_PSLCTE_P1N1,PCM_PSLCTE_P1N1,-3,-1,C,1550.0,IN_2/OUT_2,1500.0,-11.505061543506107,-11.505061543506107,-2.0348243164588116,-0.14827089187960618,-53.33859,-3.151002
D07,20190715_190855,"(-3,-1)",PCM_PSLCTE_P1N1,PCM_PSLCTE_P1N1,-3,-1,C,1550.0,IN_3/OUT_3,2500.0,-13.167618294556958,-13.167618294556958,-3.697381067509662,-0.2689486436846786,11.24726,50.31404
D07,20190715_190855,"(3,-1)",PCM_PSLCTE_P1N1,PCM_PSLCTE_P1N1,3,-1,C,1550.0,IN_1/OUT_1,500.0,-10.851876291735337,-10.851876291735337,12.227789267975872,-0.027953146881993466,-99.82236,-47.47082
D07,20190715_190855,"(3,-1)",PCM_PSLCTE_P1N1,PCM_PSLCTE_P1N1,3,-1,C,1550.0,IN_2/OUT_2,1500.0,-12.953218698501646,-12.953218698501646,10.126446861209564,-0.1672057120301686,-68.9025,-13.13856
D07,20190715_190855,"(3,-1)",PCM_PSLCTE_P1N1,PCM_PSLCTE_P1N1,3,-1,C,1550.0,IN_3/OUT_3,2500.0,-14.806421311347176,-14.806421311347176,8.273244248364033,-0.3064035251991696,4.464537,43.532439999999994
D07,20190715_190855,"(-3,-3)",PCM_PSLCTE_P1N1,PCM_PSLCTE_P1N1,-3,-3,C,1550.0,IN_1/OUT_1,500.0,-9.058329498066675,-9.058329498066675,-0.7265839168732136,-0.03980844365764988,-103.3182,-46.13924
D07,20190715_190855,"(-3,-3)",PCM_PSLCTE_P1N1,PCM_PSLCTE_P1N1,-3,-3,C,1550.0,IN_2/OUT_2,1500.0,-11.102374076843239,-11.102374076843239,-2.7706284956497775,-0.17817373245228915,-76.89268,-21.33669
D07,20190715_190855,"(-3,-3)",PCM_PSLCTE_P1N1,PCM_PSLCTE_P1N1,-3,-3,C,1550.0,IN_3/OUT_3,2500.0,-13.283162620041557,-13.283162620041557,-4.951417038848096,-0.29194042965687816,1.010496,40.74495
D07,20190715_190855,"(0,-3)",PCM_PSLCTE_P1N1,PCM_PSLCTE_P1N1,0,-3,C,1550.0,IN_1/OUT_1,500.0,-10.129309936003251,-10.129309936003251,-0.6302310839381953,-0.06449624580475766,-83.13484,-35.52739
D07,20190715_190855,"(0,-3)",PCM_PSLCTE_P1N1,PCM_PSLCTE_P1N1,0,-3,C,1550.0,IN_2/OUT_2,1500.0,-11.776287174224878,-11.776287174224878,-2.2772083221598223,-0.16597228120320212,-65.19883999999999,-14.178949999999999
D07,20190715_190855,"(0,-3)",PCM_PSLCTE_P1N1,PCM_PSLCTE_P1N1,0,-3,C,1550.0,IN_3/OUT_3,2500.0,-13.490381015820406,-13.490381015820406,-3.99130216375535,-0.2600081869762467,3.465774,46.40319
D07,20190715_190855,"(2,-3)",PCM_PSLCTE_P1N1,PCM_PSLCTE_P1N1,2,-3,C,1550.0,IN_1/OUT_1,500.0,-10.904967441115234,-10.904967441115234,-0.7940399318901328,-0.08971710398987581,-107.105,-50.75838
D07,20190715_190855,"(2,-3)",PCM_PSLCTE_P1N1,PCM_PSLCTE_P1N1,2,-3,C,1550.0,IN_2/OUT_2,1500.0,-12.919491275664296,-12.919491275664296,-2.8085637664391943,-0.15344844040946468,-79.18136,-25.45656
D07,20190715_190855,"(2,-3)",PCM_PSLCTE_P1N1,PCM_PSLCTE_P1N1,2,-3,C,1550.0,IN_3/OUT_3,2500.0,-14.850793110426864,-14.850793110426864,-4.739865601201762,-0.29859809620209193,-2.609988,43.44921
D07,20190715_190855,"(-1,-4)",PCM_PSLCTE_P1N1,PCM_PSLCTE_P1N1,-1,-4,C,1550.0,IN_1/OUT_1,500.0,-10.676717013120685,-10.676717013120685,-0.8327004668941935,-0.055284149497078584,-114.679,-56.83425
D07,20190715_190855,"(-1,-4)",PCM_PSLCTE_P1N1,PCM_PSLCTE_P1N1,-1,-4,C,1550.0,IN_2/OUT_2,1500.0,-12.583736088811229,-12.583736088811229,-2.739719542584737,-0.14214264200127355,-84.38323,-29.742929999999998
D07,20190715_190855,"(-1,-4)",PCM_PSLCTE_P1N1,PCM_PSLCTE_P1N1,-1,-4,C,1550.0,IN_3/OUT_3,2500.0,-14.78473510949508,-14.78473510949508,-4.940718563268588,-0.2700657031032775,-5.5230440000000005,35.91881
D07,20190715_190855,"(-4,0)",PCM_PSLCTE_P1N1,PCM_PSLCTE_P1N1,-4,0,C,1550.0,IN_1/OUT_1,500.0,-10.54641358236242,-10.54641358236242,-0.7233617416023872,-0.03539551483373841,-99.61437,-44.516200000000005
D07,20190715_190855,"(-4,0)",PCM_PSLCTE_P1N1,PCM_PSLCTE_P1N1,-4,0,C,1550.0,IN_2/OUT_2,1500.0,-12.431841091443149,-12.431841091443149,-2.608789250683115,-0.14686665941873844,-72.35663,-19.67211
D07,20190715_190855,"(-4,0)",PCM_PSLCTE_P1N1,PCM_PSLCTE_P1N1,-4,0,C,1550.0,IN_3/OUT_3,2500.0,-14.397651866990573,-14.397651866990573,-4.57460002623054,-0.2931224446388224,2.8415529999999998,45.27984
D07,20190715_190855,"(0,0)",PCM_PSLCTE_P1N1,PCM_PSLCTE_P1N1,0,0,C,1550.0,IN_1/OUT_1,500.0,-9.302327495150962,-9.302327495150962,-0.6573307115429312,-0.04438959492311246,-78.30755,-29.243530000000003
D07,20190715_190855,"(0,0)",PCM_PSLCTE_P1N1,PCM_PSLCTE_P1N1,0,0,C,1550.0,IN_2/OUT_2,1500.0,-11.080133983067087,-11.080133983067087,-2.4351371994590565,-0.15860418110049535,-71.56585,-20.50442
D07,20190715_190855,"(0,0)",PCM_PSLCTE_P1N1,PCM_PSLCTE_P1N1,0,0,C,1550.0,IN_3/OUT_3,2500.0,-13.097956190717973,-13.097956190717973,-4.452959407109942,-0.27254724360867766,-65.24052,-8.977108999999999
D07,20190715_190855,"(2,0)",PCM_PSLCTE_P1N1,PCM_PSLCTE_P1N1,2,0,C,1550.0,IN_1/OUT_1,500.0,-9.337447484334431,-9.337447484334431,0.780262798731199,-0.08797668391205467,-85.63174000000001,-36.06841
D07,20190715_190855,"(2,0)",PCM_PSLCTE_P1N1,PCM_PSLCTE_P1N1,2,0,C,1550.0,IN_2/OUT_2,1500.0,-11.270434943997143,-11.270434943997143,-1.1527246609315132,-0.18734837648945898,-66.98832,-17.508129999999998
D07,20190715_190855,"(2,0)",PCM_PSLCTE_P1N1,PCM_PSLCTE_P1N1,2,0,C,1550.0,IN_3/OUT_3,2500.0,-12.926975166096497,-12.926975166096497,-2.809264883030867,-0.2918364821658388,-60.413079999999994,-6.688256
D07,20190715_190855,"(-1,2)",PCM_PSLCTE_P1N1,PCM_PSLCTE_P1N1,-1,2,C,1550.0,IN_1/OUT_1,500.0,-10.387984237670606,-10.387984237670606,-0.8648512713740555,-0.06720807387680443,-51.25786,-10.10069
D07,20190715_190855,"(-1,2)",PCM_PSLCTE_P1N1,PCM_PSLCTE_P1N1,-1,2,C,1550.0,IN_2/OUT_2,1500.0,-11.83503995915896,-11.83503995915896,-2.3119069928624096,-0.17046921010667823,-50.7168,-1.528023
D07,20190715_190855,"(-1,2)",PCM_PSLCTE_P1N1,PCM_PSLCTE_P1N1,-1,2,C,1550.0,IN_3/OUT_3,2500.0,-13.443311466259432,-13.443311466259432,-3.9201784999628817,-0.2664651410751303,-3.483921,39.58003
D07,20190715_190855,"(-3,2)",PCM_PSLCTE_P1N1,PCM_PSLCTE_P1N1,-3,2,C,1550.0,IN_1/OUT_1,500.0,-11.165002242378275,-11.165002242378275,-0.9358543854924743,-0.07488844598906431,-94.28758,-40.60438
D07,20190715_190855,"(-3,2)",PCM_PSLCTE_P1N1,PCM_PSLCTE_P1N1,-3,2,C,1550.0,IN_2/OUT_2,1500.0,-12.75020644244023,-12.75020644244023,-2.52105858555443,-0.16931662894708643,-64.86588,-10.22554
D07,20190715_190855,"(-3,2)",PCM_PSLCTE_P1N1,PCM_PSLCTE_P1N1,-3,2,C,1550.0,IN_3/OUT_3,2500.0,-14.608307948057751,-14.608307948057751,-4.379160091171951,-0.25492506227937706,2.425408,45.98711
D07,20190715_190855,"(2,2)",PCM_PSLCTE_P1N1,PCM_PSLCTE_P1N1,2,2,C,1550.0,IN_1/OUT_1,500.0,-9.477356248743423,-9.477356248743423,-0.7029656084846234,-0.06363047021446065,-76.64287,-31.823610000000002
D07,20190715_190855,"(2,2)",PCM_PSLCTE_P1N1,PCM_PSLCTE_P1N1,2,2,C,1550.0,IN_2/OUT_2,1500.0,-11.281183778569957,-11.281183778569957,-2.506793138311158,-0.1495034940688033,-52.5895,-3.109379
D07,20190715_190855,"(2,2)",PCM_PSLCTE_P1N1,PCM_PSLCTE_P1N1,2,2,C,1550.0,IN_3/OUT_3,2500.0,-13.269148826599137,-13.269148826599137,-4.494758186340338,-0.32043842890611407,15.407720000000001,53.05991
D07,20190715_190855,"(0,3)",PCM_PSLCTE_P1N1,PCM_PSLCTE_P1N1,0,3,C,1550.0,IN_1/OUT_1,500.0,-10.640685823228624,-10.640685823228624,-0.7587588969952215,-0.05661688365864565,-86.17269,-37.23358
D07,20190715_190855,"(0,3)",PCM_PSLCTE_P1N1,PCM_PSLCTE_P1N1,0,3,C,1550.0,IN_2/OUT_2,1500.0,-12.16349856058754,-12.16349856058754,-2.281571634354137,-0.17164927534427335,-60.787600000000005,-10.183910000000001
D07,20190715_190855,"(0,3)",PCM_PSLCTE_P1N1,PCM_PSLCTE_P1N1,0,3,C,1550.0,IN_3/OUT_3,2500.0,-14.13829231262207,-14.13829231262207,-4.2563653863886675,-0.27534578057882453,5.463292,44.0733
